gene,baseMean,log2FoldChange,lfcSE,stat,pvalue,padj,cluster,species
Gtf2a2,43.744275410905296,0.9769690692403046,0.195331840475081,5.0015863612616664,5.686048548335981e-07,0.0006563595374295834,0,P.man
Tsix,42.38985934638048,-1.2439056442824399,0.2078842527020403,-5.983645360888999,2.1819812710901823e-09,3.778100570892651e-06,0,P.man
Xist,187.15633039458442,-6.545630635898676,0.6320698729017001,-10.355865572027756,3.936100318269889e-25,1.3630715402168625e-21,0,P.man
Gtf2a2,52.47561976860123,0.8808100949462483,0.1978934056055627,4.45093201691552,8.549840731822992e-06,0.02065214028771844,1,P.man
Xist,178.07599160246914,-6.4592881773738595,0.6992806863309096,-9.237046444490577,2.5339508935177602e-20,1.22415167665843e-16,1,P.man
Chl1,88.86576872426436,0.46161352496137076,0.12949228118076186,3.5647956832036316,0.00036413973820590665,0.048682681923220436,2,P.man
Lrp1b,165.93476365658472,0.6909213865091833,0.1083716257454119,6.3754823438037675,1.8238800228520417e-10,1.0566344932389496e-07,2,P.man
Snhg11,3744.5834855393555,0.3099170029147268,0.08537740594143457,3.629965088507342,0.00028345955590368643,0.04478660983278246,2,P.man
Ntm,70.9627992761025,-0.6082551131276738,0.1693226134223851,-3.592285169910211,0.00032779085617282286,0.04747504233569718,2,P.man
Gtf2a2,64.95507734739594,1.2387183560588222,0.16883008021418378,7.337071418122532,2.1831812795678913e-13,1.8971845319444976e-10,2,P.man
Sgcd,40.99461809252904,0.9750092517839969,0.21791294553776472,4.474306239025281,7.665980619480771e-06,0.0019033534738082257,2,P.man
Nrip1,46.01183202272721,0.7694611492321513,0.21037764032587258,3.657523432814745,0.00025466398396309874,0.044260600412786566,2,P.man
Serpine2,36.18850877069668,-0.9432111194985054,0.20802614960259638,-4.534098820270302,5.784994185431595e-06,0.0016757199823800187,2,P.man
C130073E24Rik,85.72109877180772,-0.7068025699195815,0.1814221757714031,-3.8958995333082767,9.783494003925633e-05,0.021254640723528437,2,P.man
Tac2,295.3243403060051,-0.8202129626630221,0.1374428158628519,-5.967667044027069,2.4066984783673533e-09,1.045710488850615e-06,2,P.man
Grina,153.95987878426547,-0.4861885910936478,0.10448243639154235,-4.653304496764242,3.266573131345247e-06,0.001135460820455608,2,P.man
Tsix,64.52296493455418,-0.5526296195637074,0.14458828554433512,-3.8220912398484352,0.00013232470846190027,0.025553371478531407,2,P.man
Xist,213.6342435521154,-5.9695105696862765,0.5222248642081302,-11.430919856215725,2.929885022751408e-30,5.092140169541947e-27,2,P.man
Gtf2a2,28.87242221588082,1.5063819056384284,0.27718077046063355,5.434655164335693,5.4902503795128246e-08,6.409867318081222e-05,3,P.man
Xist,101.10977625134005,-4.977914005818114,0.7565863021797106,-6.579439769761677,4.722241484084854e-11,1.1026433865338135e-07,3,P.man
Xist,82.90720163953374,-5.662413261358396,0.6553196377947902,-8.64068911533451,5.58749681295062e-18,1.7175965203010205e-14,4,P.man
Lmo3,10.062951692072767,1.607135170009097,0.3790019327746107,4.240440565153653,2.2308149984832958e-05,0.04972486631619266,5,P.man
Xist,103.98092083203257,-4.676221217459841,0.5661761191797755,-8.259304938954907,1.4652316514356702e-16,6.532002702100218e-13,5,P.man
Tac1,75.56652945562264,1.5221477596157342,0.17916677024862682,8.495703514125273,1.9673760659558648e-17,5.288306865289365e-14,6,P.man
Lrp1b,123.30948977148911,0.5648084441165457,0.14208500142249975,3.9751447264799484,7.033647019773184e-05,0.047266107972875795,6,P.man
Snhg11,3033.944078594022,0.34880230775887117,0.07773985513436597,4.486788754056712,7.230470089317879e-06,0.006478501200028819,6,P.man
Gtf2a2,57.13118935744536,0.9316003665039397,0.19115640675112716,4.873498002694835,1.096393768645073e-06,0.0011788425800471826,6,P.man
Cck,78.28589025732641,0.7315004185062022,0.17796625400853971,4.110332167080964,3.950903596275911e-05,0.030342939619398997,6,P.man
Ecel1,45.21492504631677,1.3019986444354608,0.20091911354027234,6.480212964778423,9.159324384782744e-11,1.6413509297530677e-07,6,P.man
Dcn,21.396845990569393,3.2712987259607074,0.5756755470454126,5.682538962702629,1.3270966672282559e-08,1.7836179207547758e-05,6,P.man
Xist,231.20368062372634,-5.563855391002164,0.2921726962354717,-19.043036747410742,7.504753118011397e-81,4.034555276242927e-77,6,P.man
Xist,36.44883858842017,-7.301770459080579,1.0589665908976544,-6.895184911254931,5.379478284710542e-12,5.3579603715716996e-09,7,P.man
D830024N08Rik,13.726025196195424,1.4859000693152034,0.35751681356711307,4.156168361676983,3.236293757513107e-05,0.030388798383048074,8,P.man
Tsix,25.641565323038606,-1.358974104443091,0.2619454440415776,-5.188004354935016,2.1255963398830792e-07,0.0002993902444725317,8,P.man
Xist,131.12320613758342,-6.965774287452677,0.6481233198025886,-10.747606319078871,6.081947423733498e-27,1.7132845892657262e-23,8,P.man
Lrp1b,97.28844373718766,0.6388241695620778,0.1500236389504097,4.258156741373544,2.061194128767847e-05,0.025586289785104875,9,P.man
Tsix,22.696259518989162,-1.311647141812809,0.26535681003083206,-4.942956397691122,7.69466979502217e-07,0.001432747515833128,9,P.man
Xist,124.38751805293221,-5.956282153274105,0.7853842976839235,-7.583907866300633,3.352993021337783e-14,1.2486546011461903e-10,9,P.man
Xist,144.28532272560477,-6.544890145925347,0.6858356910921867,-9.542941889627635,1.3883684498381085e-21,4.001277872433429e-18,10,P.man
Gtf2a2,56.92395363497081,0.7914270814474366,0.1777563272186952,4.452314546720673,8.494960083579041e-06,0.019303380963252775,11,P.man
Tsix,28.16286921964647,-1.181336044654028,0.2295736171392351,-5.1457831234046125,2.664070664632486e-07,0.0009080484860399827,11,P.man
Xist,163.55241161991026,-6.327334970879856,0.5192517733208925,-12.185485531254267,3.7143459761469725e-34,2.5320696519393912e-30,11,P.man
Xist,116.95396730039104,-4.692055596133536,0.3596722172453559,-13.04536567230262,6.753219832724658e-39,1.9726155131388726e-35,12,P.man
Gtf2a2,20.52168170967792,1.515461554657416,0.3550061658610121,4.2688316440417315,1.964995053449467e-05,0.01684983258332918,13,P.man
Xist,63.52559212201968,-6.041550991441836,1.012302497601183,-5.968128109688837,2.399909101031922e-09,4.115844108269746e-06,13,P.man
Tsix,36.753364164161745,-1.3455552932233505,0.24087845215157763,-5.586034289097111,2.3231338620461408e-08,4.691568834402181e-05,14,P.man
Xist,204.57693843775155,-6.109790255100826,0.6344905637611955,-9.629442270792195,6.005454243058281e-22,2.4256029687712394e-18,14,P.man
Xist,53.93394677894519,-6.766143812930138,0.6763034461636157,-10.00459756831289,1.4548197741936554e-23,1.8941753460001394e-20,15,P.man
D830024N08Rik,30.4141135539402,1.2426486169564899,0.25894299076920424,4.798927413579084,1.5951758859007366e-06,0.0024874109314145486,16,P.man
Srrd,21.18639472847557,-1.5992374879655584,0.31949446662743947,-5.005524836930649,5.571002866986572e-07,0.0013030575705881592,16,P.man
Tsix,76.71468587639309,-0.67431412413359,0.15696087791753577,-4.296064937199585,1.7385667359942682e-05,0.020332537977452967,16,P.man
Xist,261.3895499841517,-5.810679166722317,0.5057403918455656,-11.489450438233304,1.4905713983787957e-30,6.972893001616006e-27,16,P.man
Penk,17.208085500917683,-1.5840706749384506,0.37128784317154023,-4.266422141396608,1.9863277081503452e-05,0.01830400983060543,17,P.man
Xist,72.74123208954069,-5.642293491279521,0.583426601308999,-9.670956858361011,4.006146802756788e-22,7.38332855748076e-19,17,P.man
D830024N08Rik,39.84566065522188,1.1679174489597048,0.21615133741954415,5.4032395214506925,6.544797095588674e-08,0.00014466183180282833,18,P.man
Gtf2a2,79.26755639135254,1.1269765290622134,0.1608555532671933,7.006140019239619,2.449827525749093e-12,8.122403161621117e-09,18,P.man
Srrd,25.425098911507337,-1.3548287560250019,0.2928874155918694,-4.625766365847956,3.7321581712525077e-06,0.006186985208393845,18,P.man
Xist,229.80250519844353,-5.75580205192995,0.5356527671842614,-10.745397773610284,6.2292826512625745e-27,4.1306373260522134e-23,18,P.man
D830024N08Rik,29.17349802337681,1.1154763105369236,0.2556037709898531,4.3640839343532445,1.2765656024125799e-05,0.021284603810892415,19,P.man
Gtf2a2,65.30544952451267,1.1502025442384258,0.1721591696275502,6.681041426528592,2.372501428251992e-11,5.9336260720582316e-08,19,P.man
Xist,233.7993188125865,-6.075977697988362,0.44047713932165955,-13.794081816244644,2.766528384940342e-43,1.3838174981471591e-39,19,P.man
Tsix,52.86493061439652,-1.0075270830165146,0.18069764282935846,-5.575762180627731,2.4644842287974754e-08,5.5635731465103004e-05,21,P.man
Xist,239.472442423182,-6.932822128739666,0.5734828409721464,-12.088979187219287,1.2077803880819637e-33,5.453128452190066e-30,21,P.man
D830024N08Rik,36.72666070723975,1.2605052009794986,0.24453843181422757,5.154630262522852,2.5413185254169944e-07,0.0007833614354597886,22,P.man
Srrd,19.861616350428843,-1.3997671028018648,0.3004534678371891,-4.658848216590983,3.17983549483342e-06,0.006534561941882678,22,P.man
Xist,235.9253187062612,-4.89057740538555,0.3059979807014307,-15.982384570561596,1.6953449761763617e-57,1.045180177812727e-53,22,P.man
D830024N08Rik,40.86340794759494,1.039506823814431,0.23754527612378734,4.376036605639479,1.2085672653966709e-05,0.020944470709324307,24,P.man
Gtf2a2,87.26720596167002,1.0138144518178611,0.16569975769714204,6.118382222808448,9.453010967247612e-10,2.4573102009360166e-06,24,P.man
Xist,223.10630020471697,-5.744584587880312,0.39572065029380754,-14.516767279178321,9.488043280225702e-48,4.932833701389342e-44,24,P.man
Srrd,22.742518376150993,-1.2904752864316416,0.2824439797689413,-4.568960143839283,4.9014997102848364e-06,0.014030542920690343,25,P.man
Xist,176.56008582642707,-6.05037048258303,0.6166410423665835,-9.811819303111161,1.0014646322854441e-22,5.733385019834168e-19,25,P.man
Fos,62.55663177572174,1.064309919577515,0.2338981321956456,4.550313889156097,5.35659477244882e-06,0.00461381363066925,26,P.man
Nts,25.423203884437545,1.6309425462015745,0.35670595013747686,4.572232522538518,4.825550121781578e-06,0.00461381363066925,26,P.man
Xist,150.3993275263845,-5.200269773209528,0.7744319035825719,-6.714947756094171,1.881336134221463e-11,4.86137257082826e-08,26,P.man
4933412L11Rik,14.827298501764288,1.6786403437408879,0.4017304270356594,4.178524280890191,2.934066767796277e-05,0.03350215237695382,27,P.man
D830024N08Rik,32.2712059393873,1.1568468315280842,0.25745226436154317,4.493442053799577,7.0081097291879514e-06,0.009602511950933331,27,P.man
Gtf2a2,73.64205125470473,1.1304849989950974,0.1647017719850123,6.8638302148805685,6.703830311942238e-12,2.2963970733558137e-08,27,P.man
Srrd,22.943424053994846,-1.2815378958012489,0.2728148822236301,-4.697463295828395,2.6341250132031332e-06,0.004511597616363667,27,P.man
Tsix,47.40062198835423,-1.2181895907519416,0.19975585468738677,-6.098392423382933,1.0714046295477326e-09,2.446731039010505e-06,27,P.man
Xist,285.5156410823067,-6.960634983566937,0.5200086272280738,-13.385614428496833,7.338795513102499e-41,5.027808806026522e-37,27,P.man
Xist,123.46349268551832,-6.506273543166212,0.6596918210374995,-9.862595435750249,6.046582319898868e-23,1.8012768730978728e-19,28,P.man
Gtf2a2,49.43557385521197,0.847481120025552,0.18604700682789604,4.555198895564709,5.233603421706117e-06,0.00921463109115057,29,P.man
Tsix,29.076427921511367,-1.2043117199945603,0.24644136537909594,-4.886808341375609,1.024837707908575e-06,0.0027065963865865465,29,P.man
Xist,166.13858148669502,-6.105955617912927,0.5406576960513755,-11.29357015077561,1.4118304835440964e-29,7.457288614079917e-26,29,P.man
Gtf2a2,43.13387060441253,1.06844939273901,0.2226277845480215,4.799263465286572,1.592501899077136e-06,0.0036746981321204913,30,P.man
Srrd,15.739541386190162,-1.4312545671186958,0.33995744968290526,-4.210099141682867,2.5525865002828836e-05,0.039267288996018355,30,P.man
Xist,141.85463511984764,-6.385522559619353,0.8770949481800829,-7.2803093586035486,3.330555364385751e-13,1.5370513006640242e-09,30,P.man
D830024N08Rik,39.936837437562396,1.0609224084634579,0.24971414967856875,4.24854742844598,2.1516109760478425e-05,0.04208013166405568,31,P.man
Srrd,26.625039420903892,-1.366186545486412,0.30101524896924414,-4.538595802586733,5.66300665707294e-06,0.014767233692760536,31,P.man
Tsix,25.140641108621654,-2.296675585861872,0.3316825176735948,-6.924319080699953,4.380775003023778e-12,1.7135401424327507e-08,31,P.man
Xist,229.8380057010422,-5.773785305151058,0.7670177699516341,-7.527576975843906,5.1690536674388457e-14,4.043750684037409e-10,31,P.man
Xist,113.81995894272353,-4.611617078135276,0.3834610188801344,-12.026299548264683,2.5848873884578507e-33,7.237684687681982e-30,32,P.man
Gtf2a2,50.46180285917495,1.3382147399383966,0.18484425419810727,7.239688059246688,4.4971789638862666e-13,9.127024707207178e-10,33,P.man
Srrd,15.686327864577093,-1.4730913554350866,0.34626863447445205,-4.254186515249542,2.098103664533812e-05,0.028387342581142474,33,P.man
Xist,159.74553038146786,-6.391870677542183,0.5963779884467,-10.717817896314669,8.396078652726473e-27,3.4079683251416757e-23,33,P.man
Gtf2a2,38.17857254986351,0.9858786943928364,0.21558517356287135,4.573035696748986,4.80708202489039e-06,0.006068139876086636,34,P.man
Srrd,13.380741602589175,-2.096564781046624,0.40844683055284087,-5.133017627309978,2.8513319052155656e-07,0.0005398996962525674,34,P.man
Tsix,36.877699194801885,-0.814500668279665,0.19938929727027146,-4.084976874037589,4.4081206692625675e-05,0.04173388243624336,34,P.man
Xist,121.32338531387971,-6.898223258790272,0.658216411489576,-10.48017511927309,1.0654626983553175e-25,4.0349072386715877e-22,34,P.man
Gal,178.25953376319723,-0.6078179039825622,0.14749164464734577,-4.121032790948002,3.771777310257209e-05,0.02520804502355235,35,P.man
Gtf2a2,19.60993784749293,1.366846688776396,0.3155888242464028,4.331099784792129,1.483664217100158e-05,0.014873733776429084,35,P.man
Xist,77.40400542403758,-7.392505151952559,0.6649910169651091,-11.116699268646558,1.0405060429187586e-28,2.086214616052111e-25,35,P.man
Xist,55.57545951583419,-7.437975308481021,0.8672711159062612,-8.576297736733288,9.797572995598175e-18,1.379498277780223e-14,37,P.man
Xist,192.35748328723113,-6.526864020137285,0.8106944291592603,-8.05095457101641,8.215076143080255e-16,3.866014832933568e-12,38,P.man
Gtf2a2,60.1294352355016,0.7449710399347657,0.16762350944665708,4.444311197122611,8.817389999335696e-06,0.018055075588639728,39,P.man
Tsix,38.91977677445552,-0.9313602121151141,0.18097062650267107,-5.146471723693611,2.6543145252833044e-07,0.0008152727064407669,39,P.man
Xist,238.26057227539874,-5.6352177757574875,0.7353396863905165,-7.663421246061777,1.8104430254650075e-14,1.1121551505431541e-10,39,P.man
Xist,153.13035226116517,-5.836924502993766,0.40845518891692306,-14.29024446591363,2.5172424423972973e-46,9.454762613644248e-43,41,P.man
Gm26699,18.924248863457237,1.9876818567550432,0.4656559149120979,4.2685635317877555,1.9673579662306703e-05,0.03815690775504385,44,P.man
Gtf2a2,74.83250072001229,0.8995946058820012,0.20888446445236186,4.306661140360501,1.6573720551680604e-05,0.03815690775504385,44,P.man
Tsix,34.840070701998755,-3.180052113151179,0.3854142558615358,-8.250997633812606,1.5707766187657408e-16,6.093042504192309e-13,44,P.man
Xist,376.4241915173339,-6.492246760852711,0.6101396270597415,-10.64059187917166,1.929000539667339e-26,1.4965186186739215e-22,44,P.man
Xist,61.999145005652494,-5.804348225609712,1.0548522861111191,-5.502522298177279,3.743958565326669e-08,7.824873401532737e-05,47,P.man
Gm28040,29.13269734832473,-3.5386650929891386,0.5517316164201135,-6.413743544279033,1.419889902076492e-10,2.434401237110146e-07,0,P.pol
Tsix,37.513485746646396,-1.3555029352585035,0.2558168116758828,-5.298724999262016,1.1661411364069841e-07,0.0001332899318913183,0,P.pol
Xist,181.03407450336917,-6.632113866368226,0.5911567510649961,-11.218875288864025,3.2943343720451966e-29,1.129627256174298e-25,0,P.pol
Snhg11,1451.3855347052515,0.331059636224819,0.07086315207854885,4.671816402660908,2.9854776422870832e-06,0.0032153594207431887,1,P.pol
Tsix,33.26034588438692,-1.1601420638777569,0.22912850895078835,-5.0632811656227785,4.121013716137196e-07,0.000665749765841964,1,P.pol
Xist,121.31456915680933,-5.953516454148933,0.539029374571501,-11.044883145527375,2.320694016763815e-28,7.498162368163886e-25,1,P.pol
Snhg11,2820.883699871927,0.33568189824181505,0.07683145359476189,4.3690686891377615,1.2477751826172137e-05,0.02289251535041715,2,P.pol
Tac2,149.10253127418375,-0.7050398666070037,0.13696882756679196,-5.147447628280205,2.6405469267403993e-07,0.0007266785142389579,2,P.pol
Xist,181.02936102325998,-6.19226648250722,0.33578032600139057,-18.441421378814123,6.111339981297087e-76,3.363681525705917e-72,2,P.pol
Xist,49.88324566128077,-6.261041104869698,0.6294593057786934,-9.946697185013845,2.6069183959049605e-23,3.9129845122533456e-20,3,P.pol
Xist,66.97259542840773,-5.104417407037069,0.625684332131534,-8.158135252720372,3.40236405014073e-16,9.574252437096014e-13,4,P.pol
Xist,64.40713964679146,-6.291635693411362,0.7129608050344088,-8.824658591306033,1.0979424131374333e-18,3.663833832639615e-15,5,P.pol
Snhg11,2381.8774662323376,0.48423585813332193,0.08321592384220183,5.819028808134775,5.919053319030294e-09,4.383058982741932e-06,6,P.pol
Cck,72.45746213510564,1.2619597288970377,0.17959324253804443,7.0267662138218165,2.1137508794134986e-12,3.1304650524113915e-09,6,P.pol
Brinp2,43.4476754726461,0.9368942406064356,0.21131417734769203,4.433655386334485,9.264867707141195e-06,0.004573756358092037,6,P.pol
Sst,141.2716021536553,-1.1466484853639731,0.14604413393754329,-7.851383376030322,4.1147303185063996e-15,9.140873402561966e-12,6,P.pol
Ecel1,26.869853128306932,1.4569723894936248,0.2762953886491885,5.273241788857861,1.3403478764778358e-07,8.507379450272891e-05,6,P.pol
Crhbp,55.284981810592264,-1.1638670259171782,0.19807588401361564,-5.875864352255898,4.206426739602598e-09,3.7378308008108684e-06,6,P.pol
Dcn,31.871109879603576,3.540457811110421,0.6015498661450107,5.885559968285243,3.967085074701714e-09,3.7378308008108684e-06,6,P.pol
Tsix,37.550356917381755,-0.9702178716965311,0.20795316566786815,-4.665559519522352,3.0777838734605706e-06,0.0017093242187231645,6,P.pol
Xist,186.4656338527257,-6.391427998481645,0.5625928172617883,-11.36066405822518,6.564374573178839e-30,2.9165516228633584e-26,6,P.pol
Xist,37.16339846123042,-6.3795392236545645,1.307639556637862,-4.878667971820399,1.068046841392916e-06,0.0012837923033542852,7,P.pol
Oxt,1003.3950802786563,-1.1601835114970476,0.13516937289550418,-8.583183354663888,9.22830875357309e-18,2.0136169700296484e-14,8,P.pol
Tsix,17.85282224434155,-2.098160499673754,0.38004131303845806,-5.520874777794044,3.373161115154691e-08,2.4534125177558456e-05,8,P.pol
Xist,105.30848497612271,-5.589845872662444,0.6981430327739292,-8.006734451609908,1.1779446565263659e-15,1.2851376202702652e-12,8,P.pol
Snhg11,1882.397153687716,0.36806916389208194,0.07819574643962021,4.707022832454077,2.513607638983179e-06,0.0027875908716323457,9,P.pol
Tsix,21.472768931354736,-1.5063704814799888,0.2901921584927634,-5.1909413724477105,2.0923350607456522e-07,0.00034805993735503925,9,P.pol
Xist,115.0475204685407,-6.240274029752007,0.5153998589759391,-12.107636277105245,9.622734011608149e-34,3.201483605662031e-30,9,P.pol
Snhg11,1514.0674492001247,0.2838914622142852,0.06894295002570006,4.117773639051682,3.82550168279645e-05,0.03972145913970313,10,P.pol
Tsix,22.584121225310444,-1.2525715748774717,0.28007368600538296,-4.4722929624077485,7.738531006208848e-06,0.012052762042170281,10,P.pol
Xist,130.13374570977427,-6.3971272154129135,0.6809407137837352,-9.394543586425385,5.7466426126971325e-21,1.7900791738551568e-17,10,P.pol
Snhg11,2659.49998913399,0.36492840086353256,0.06994241044527409,5.2175553936487225,1.8130001267200222e-07,0.0005005693349873981,11,P.pol
Tsix,22.705710205809776,-1.3080104660087157,0.2909387506018729,-4.49582760392969,6.929986894142998e-06,0.012755795876485879,11,P.pol
Xist,115.21133694112582,-5.015200584141376,0.7400332945741109,-6.77699317167564,1.2270268433778324e-11,6.77564222913239e-08,11,P.pol
Xist,46.68810210546801,-5.2826148618928555,0.6485656533958738,-8.145073415826468,3.790518568471929e-16,6.997297277399181e-13,12,P.pol
Lrp1b,70.59830311245031,0.7357906471114125,0.164152380835343,4.482363541528313,7.382084646561889e-06,0.009748042775784975,13,P.pol
Snhg11,1241.6442437557916,0.3428886568130633,0.08082055032450366,4.242592452492918,2.209524699280581e-05,0.01945118243600005,13,P.pol
Xist,58.50898013100769,-5.178855088466473,0.4840975547358734,-10.6979575455449,1.040462991305759e-26,2.7478627600385096e-23,13,P.pol
Snhg11,805.467837126377,0.5527836314016812,0.1240955743829124,4.454499156400197,8.408925974590105e-06,0.010099120095482717,14,P.pol
Tsix,28.051250014535764,-2.227773272684894,0.2682408731441077,-8.305122357277973,9.971663461598437e-17,1.7963951726069585e-13,14,P.pol
Xist,188.781741671089,-6.279257106952985,0.5088734588720724,-12.339525666893842,5.548177129724196e-35,1.9990082198396277e-31,14,P.pol
Xist,60.69615347482192,-6.926456165944492,0.6909998641423288,-10.023816972151842,1.1978547090418342e-23,1.5512218482091754e-20,15,P.pol
Xist,201.2186176968669,-5.9958952513243275,0.4830716740256653,-12.412019941798055,2.249061658533026e-35,1.0979919016958232e-31,16,P.pol
Xist,193.48663419065716,-5.593602244805962,0.4715414131989475,-11.862377488456081,1.8562818403119033e-32,1.0146436539144864e-28,18,P.pol
Xist,163.7395016748698,-7.251266084119637,0.8575180148004408,-8.456109328277064,2.7644643436148142e-17,1.3214139562478812e-13,19,P.pol
Tac1,59.96203250273391,-0.9395909000781454,0.21698528692182872,-4.330205579407064,1.4897020103208682e-05,0.022568985456361153,21,P.pol
Lrp1b,122.8585368618141,0.6140734238658714,0.14475375940828397,4.24219326928741,2.213459462969082e-05,0.025150433147986193,21,P.pol
Tsix,40.596875239941134,-1.2100954555934276,0.2253552295363441,-5.369724315176231,7.885709612113077e-08,0.0001792027509352697,21,P.pol
Xist,189.32066923528348,-6.40790178373958,0.5069903730702514,-12.639099525567648,1.2851733402180752e-36,5.8411128312911515e-33,21,P.pol
Tsix,42.67963157369812,-0.9383920630190367,0.20306367983217455,-4.621171367497067,3.815794112573489e-06,0.010680407721093197,22,P.pol
Xist,214.11998991858982,-5.796454576944042,0.5117529476448571,-11.326665735136375,9.682063717222972e-30,5.42001926890142e-26,22,P.pol
Xist,7.027754951471913,-3.480114423400582,0.7761412505805358,-4.483867364088091,7.330223537632531e-06,0.0038483673572570786,23,P.pol
Xist,156.42356129841627,-5.693643263001865,0.46343584117849435,-12.28572060486995,1.0807766120754966e-34,5.677319543232583e-31,24,P.pol
Snhg11,2779.6514997574377,0.31552920806872864,0.07290699997221038,4.327831459105401,1.5058462704773631e-05,0.04391800647847229,25,P.pol
Xist,133.98951029106445,-6.1352422573880485,0.5475404383766902,-11.205094322489472,3.849435175760119e-29,2.2453755380208775e-25,25,P.pol
Xist,70.51716267286712,-6.925109609310941,0.9867378987279164,-7.018185496106575,2.247680169624035e-12,4.124493111260104e-09,26,P.pol
Tsix,42.44812741186732,-1.9669011020965594,0.3487706603749308,-5.6395256985840705,1.705192029279352e-08,5.292063462868469e-05,27,P.pol
Xist,256.11982133292014,-6.487886081953951,0.4154097009190816,-15.618041821362613,5.4864881172660364e-55,3.4054631743870285e-51,27,P.pol
Xist,90.4392761473203,-5.489840323332281,0.6171423740506392,-8.895581561349433,5.811415781863725e-19,1.4877224401571137e-15,28,P.pol
Xist,138.0308563736419,-6.430399743064561,0.541469056825578,-11.87583974006472,1.5803903649247264e-32,7.777100985794579e-29,29,P.pol
Snhg11,1281.7730029713869,0.3587269347204142,0.08134581790748922,4.4099001515772756,1.0341829249034702e-05,0.019147896854587752,30,P.pol
Tsix,23.075110236539327,-1.1944497947368335,0.27868672983438836,-4.28599451235674,1.819234781921565e-05,0.02245542132485185,30,P.pol
Xist,93.09994310127405,-6.835179304452737,0.4784538850188855,-14.285973044576572,2.676448304294029e-46,9.91088807080079e-43,30,P.pol
Tsix,19.694130176524624,-3.785934448524966,0.6848429595688812,-5.528178972458545,3.2357186752057535e-08,0.0001236853463597399,31,P.pol
Xist,238.98129324055424,-6.350862797685897,0.44844219683991754,-14.162054424046525,1.5732658855617326e-45,1.2027617695119446e-41,31,P.pol
Snhg11,912.9142304176926,0.472812448984497,0.11085027662316149,4.2653249354698115,1.9961147899640652e-05,0.020460176597131667,32,P.pol
Xist,60.64656581052512,-5.513664345049937,0.4044397328034744,-13.632845385468446,2.554237869970038e-42,5.236187633438578e-39,32,P.pol
Xist,87.80262518697111,-7.050179543331593,0.5084698369742346,-13.865482336740541,1.025345278139649e-43,3.167291564173376e-40,33,P.pol
Tsix,29.199697906909176,-1.1756621832644751,0.23728729214427355,-4.954593955034298,7.248148743198889e-07,0.001408315300803544,34,P.pol
Xist,102.3166801152506,-5.953547645802835,0.48859783341115903,-12.184965300066889,3.7381240117777363e-34,1.4526349909768283e-30,34,P.pol
Nfic,29.823423257272726,-1.634251728837115,0.3238580137225771,-5.046198209061598,4.5068786580047055e-07,0.00031796028932223197,35,P.pol
Xist,46.15068369279215,-5.97395352880517,0.5472730641940502,-10.915855209506432,9.681378170983714e-28,1.366042459925802e-24,35,P.pol
Snhg11,245.60659217472886,0.8000674319809249,0.15211128875804483,5.259750532082788,1.442509691383924e-07,0.00011850217114718935,37,P.pol
Xist,53.93765809803722,-5.846481010161018,0.6212898579512678,-9.410230885532336,4.950482585717113e-21,8.133642888333217e-18,37,P.pol
Xist,141.87685500903117,-6.082564299348775,0.5719202565117831,-10.635336360434467,2.0409098208945717e-26,8.330993888891642e-23,38,P.pol
Tsix,29.997955845209095,-1.3826932830247425,0.21248862053459502,-6.507140380252165,7.659482995815906e-11,2.1075067462987465e-07,39,P.pol
Xist,193.66719074675188,-6.673094117992162,0.6735496016833936,-9.907353669743381,3.867543508318532e-23,2.1283091926276883e-19,39,P.pol
Xist,197.70600642288082,-5.338186046006651,0.3855294996070708,-13.846375054171721,1.3379566329886324e-43,5.804055873904688e-40,41,P.pol
Xist,129.22073819690732,-6.296485097992182,0.9952307007466428,-6.326658827213055,2.505264220664433e-10,5.889876182782083e-07,42,P.pol
Tsix,20.828597937269844,-3.373040693017062,0.4115610027020523,-8.195724742800666,2.4908775272457675e-16,8.066706871985418e-13,44,P.pol
Xist,219.67272312230628,-6.299664589392725,0.5053477446604546,-12.465999217282542,1.1442841017551775e-35,7.411528127068285e-32,44,P.pol
