animal,species,sex,rep,neurons
Pman_F_rep01,P.man,F,rep01,1037
Pman_F_rep02,P.man,F,rep02,2148
Pman_F_rep03,P.man,F,rep03,2746
Pman_F_rep04,P.man,F,rep04,3045
Pman_F_rep05,P.man,F,rep05,2459
Pman_F_rep06,P.man,F,rep06,2604
Pman_M_rep01,P.man,M,rep01,955
Pman_M_rep02,P.man,M,rep02,2359
Pman_M_rep03,P.man,M,rep03,2901
Pman_M_rep04,P.man,M,rep04,2978
Pman_M_rep05,P.man,M,rep05,2666
Pman_M_rep06,P.man,M,rep06,2367
Ppol_F_rep01,P.pol,F,rep01,1044
Ppol_F_rep02,P.pol,F,rep02,1894
Ppol_F_rep03,P.pol,F,rep03,2389
Ppol_F_rep04,P.pol,F,rep04,2504
Ppol_F_rep05,P.pol,F,rep05,2142
Ppol_F_rep06,P.pol,F,rep06,1905
Ppol_M_rep01,P.pol,M,rep01,1323
Ppol_M_rep02,P.pol,M,rep02,2142
Ppol_M_rep03,P.pol,M,rep03,2439
Ppol_M_rep04,P.pol,M,rep04,2581
Ppol_M_rep05,P.pol,M,rep05,2191
Ppol_M_rep06,P.pol,M,rep06,1931
