authors_cluster,top_label,top_fraction
0,I-1,0.21
1,E-4,0.14
2,I-1,0.29
3,I-3,0.13
4,I-1,0.15
5,I-11,0.29
6,I-18,0.19
7,E-13,0.14
8,I-1,0.12
9,I-2,0.17
10,E-14,0.59
11,I-6,0.09
12,I-17,0.26
13,I-1,0.27
14,E-14,0.45
15,I-1,0.3
16,E-16,0.23
17,I-10,0.29
18,E-14,0.47
19,E-12,0.19
20,I-16,0.26
21,I-1,0.16
22,I-5,0.13
23,I-23,0.26
24,E-14,0.42
25,I-1,0.18
26,E-11,0.21
27,E-4,0.19
28,I-3,0.17
29,E-12,0.19
30,I-8,0.17
31,I-7,0.36
32,I-3,0.25
33,E-4,0.15
34,E-18,0.19
35,I-1,0.12
36,I-6,0.25
37,E-10,0.34
38,I-9,0.4
39,E-10,0.19
40,E-23,0.45
41,I-3,0.19
42,E-25,0.28
43,I-18,0.27
44,E-6,0.14
45,E-18,0.3
46,I-1,0.33
47,I-8,0.26
48,E-4,0.23
49,I-6,0.3
50,I-10,0.27
51,E-28,0.69
52,E-10,1.0
