leiden_all,Neuron,Astrocyte,Oligodendrocyte,OPC,Microglia,Endothelial,Mural/VLMC,Ependymal,Macrophage,assigned
0,0.8618346217888136,-0.24283557431660865,-0.3879871600795027,-0.05073048701781137,-0.05036148617401726,-0.01702906747621261,-0.020542249242926417,-0.00842337261733156,-0.005131775159756413,Neuron
1,0.9741000983760962,-0.19217843252241995,-0.37556332485914773,-0.07241700921958183,-0.049424609545770284,-0.02269095532781505,-0.0457971217031722,-0.013184404381864582,-0.0032617085147825507,Neuron
2,0.9414422463184163,-0.28826998934414844,-0.4768947763721109,-0.06393546165427673,-0.05932383993529879,-0.023400075819666615,-0.06051671475166494,-0.011684916025654583,-0.007792870258131335,Neuron
3,0.8454550975983559,-0.2586695217250092,-0.41212180608209936,-0.05491093932354089,-0.051351207913774434,-0.01716339400304287,-0.024448627094599766,-0.006577634352626222,-0.0018119280054111672,Neuron
4,0.5775633452381579,-0.24899166978606885,-0.37618210177627953,0.053819881628342066,-0.05138849339795257,-0.022302124532104874,-0.01880399439141468,-0.010506735099070448,0.000962708013310297,Neuron
5,0.8554904092230153,-0.2617289500804532,-0.44678594160086665,-0.05908434729134496,-0.05382629081082782,-0.01873927712158894,-0.03922853488791761,-0.012005191828724504,0.01566783914697452,Neuron
6,0.18961076900287288,-0.2036189026794683,2.854897985585542,-0.043246046152597334,0.008398270383948008,-0.0066492962444206155,0.07729032004059361,-0.00030850104434069396,-0.0034570647781565884,Oligodendrocyte
7,0.7003130660928027,-0.26242370262351405,1.604737754635444,-0.0636109369116563,-0.03817444088960305,-0.017991028541418222,-0.0307667271730926,-0.010092693888590886,-0.004709772802132826,Oligodendrocyte
8,0.325701025932278,-0.061132637166758735,0.12428731363661395,1.4993881118430452,0.010765751516834385,-0.02390165525941268,0.01730349859659888,-0.011045864752714418,-0.0016256030664944137,OPC
9,0.5660977989108298,-0.23109825563267405,-0.33483988447919877,-0.05740539682107914,-0.04889547759818689,-0.013844066584240575,0.05915295389090608,-0.008110714157130633,-0.005814666341638308,Neuron
10,0.37044785920586876,-0.10020587989663035,-0.04689764082242196,0.16964493857431762,-0.03288133491886776,0.00020544106570042267,1.2905926853903515,-0.017563179380614052,-0.0037582555234313723,Mural/VLMC
11,0.23880575846271426,1.1850157646836676,-0.055044627213718444,-0.052638319933924455,-0.0357996895501699,-0.011661720431619825,0.16129156186453147,0.005980856760983875,-0.0034520513782578875,Astrocyte
12,0.23050281154860966,0.2189189254534872,-0.04468834102310632,-0.052908931173776326,-0.04821752896172958,0.07255880315052836,0.16223043988409794,0.9093628459164972,-0.02527570129695692,Ependymal
13,0.697318873802376,0.5952606207154649,-0.40554237793770337,-0.06700486496208094,-0.05461502930191367,-0.021006105591166398,0.033669679252114476,-0.00841027011320395,-0.0035948602385982636,Astrocyte
14,0.9730343289227267,-0.24071708243284157,-0.30890366006998765,-0.06439466121730848,-0.05265845307118164,-0.025575622429932148,-0.03264386046994681,-0.010847532378883891,-0.007967700878136703,Neuron
15,0.8403383180824469,-0.28234535168882896,-0.4210575891099948,-0.06681193308433063,-0.06173524327760163,-0.017522741822795885,-0.06888852844690298,-0.006934619603071217,-0.007812281978983618,Neuron
16,0.7573728560243345,-0.2321842009872464,-0.3006191554511507,-0.05839675812656087,-0.03887868777280469,-0.021142754707744415,-0.03372270539945581,-0.011176351493692654,-0.0008635116510637731,Neuron
17,0.39212044269043506,-0.01719725978914977,0.11723472012755853,-0.029277336505358204,1.7822068405705624,0.0012662631238237532,0.2037919400448999,-0.012824861730826592,0.20333293253438597,Microglia
18,0.3870929120623967,-0.10865134049922812,-0.02925729045534835,-0.04141094039662991,-0.054697719675068764,1.572764454453794,0.11052608720514745,-0.02050993360798149,-0.014809643309928624,Endothelial
19,0.12405652233206138,0.8142740734031402,2.16947227843411,-0.06230495161895292,-0.019487569282332577,-0.0068009216220503346,0.1132265802664929,-0.0036969677971070065,-0.006104599990758551,Oligodendrocyte
20,0.4177108168362481,-0.11070478002685903,0.02096780537546567,0.08297912000513043,-0.04146475819097034,0.16348945256757635,0.39919671959883524,-0.024792446057507946,-0.007418969932888217,Mural/VLMC
21,0.9721835555646244,-0.22239716413202165,-0.4316607666072212,-0.07302117724710376,-0.05643780738744051,-0.020876288940886407,-0.025115269273788977,-0.01218122916696947,-0.00411254794160022,Neuron
22,1.023382617161488,-0.20412394401053308,-0.18994758030898135,-0.05926993163678568,-0.046718692542381694,-0.02242321875033804,-0.034759405898211346,-0.01106127674625793,-0.009231075592024225,Neuron
23,0.17052276599728686,-0.19354287585670693,-0.06334866810958464,-0.031043754127581622,-0.05509411437498344,-0.02508375028550843,0.3212151130661174,0.4666335451613852,-0.01619828013928382,Ependymal
