cluster,Pman_F_rep01,Pman_F_rep02,Pman_F_rep03,Pman_F_rep04,Pman_F_rep05,Pman_F_rep06,Pman_M_rep01,Pman_M_rep02,Pman_M_rep03,Pman_M_rep04,Pman_M_rep05,Pman_M_rep06,Ppol_F_rep01,Ppol_F_rep02,Ppol_F_rep03,Ppol_F_rep04,Ppol_F_rep05,Ppol_F_rep06,Ppol_M_rep01,Ppol_M_rep02,Ppol_M_rep03,Ppol_M_rep04,Ppol_M_rep05,Ppol_M_rep06
0,29,18,105,99,40,106,34,23,92,86,43,48,34,59,98,93,37,39,45,36,100,56,38,46
1,60,33,97,95,51,75,57,42,100,98,57,59,29,56,86,71,48,49,32,55,75,68,40,27
2,19,13,113,109,38,100,27,57,141,110,72,59,53,70,70,51,21,34,62,77,116,99,37,36
3,13,27,53,51,14,50,8,18,45,51,27,18,12,32,36,31,19,11,9,16,34,25,10,17
4,15,22,66,74,19,61,10,33,65,36,33,25,22,30,32,36,23,17,26,23,55,48,24,18
5,28,15,83,90,37,54,12,28,76,84,37,47,25,37,84,58,23,16,21,48,40,60,18,18
6,42,33,82,78,40,107,89,70,109,197,78,73,46,53,46,61,55,35,84,86,147,112,55,77
7,6,10,13,10,22,7,5,15,13,13,17,16,9,13,11,13,13,11,9,15,7,13,22,17
8,10,28,79,71,25,48,12,39,63,46,42,33,5,29,39,35,20,18,5,30,31,41,17,19
9,17,20,79,61,26,63,24,44,45,75,62,16,24,49,54,64,28,28,37,48,73,69,30,19
10,26,17,54,61,31,59,29,41,72,86,36,22,36,34,55,53,41,31,44,52,60,57,25,20
11,21,98,35,73,113,29,13,75,74,78,148,104,13,43,113,74,72,42,14,93,31,86,137,41
12,13,42,34,96,9,28,9,35,92,40,17,35,15,14,24,32,27,16,13,25,27,25,37,11
13,13,12,34,22,11,34,8,19,42,36,18,13,14,29,29,39,23,15,21,21,25,36,31,21
14,71,34,88,108,36,73,32,32,74,71,57,41,43,68,74,73,38,20,81,43,72,101,25,22
15,15,6,31,32,12,32,12,17,21,22,16,15,15,21,18,24,15,14,24,18,25,26,11,6
16,34,55,147,143,41,138,26,53,102,110,62,41,34,75,90,74,57,51,42,59,107,103,58,34
17,10,23,21,21,17,16,10,32,22,21,24,20,6,7,23,20,9,13,7,16,13,19,12,5
18,28,89,149,154,62,118,22,92,121,113,95,87,49,61,126,122,84,60,50,75,117,130,66,71
19,38,30,148,134,33,116,35,81,121,111,57,71,47,64,87,75,31,47,35,89,105,73,52,44
20,3,8,17,21,7,11,5,14,11,14,11,7,1,8,11,13,9,7,5,11,15,11,7,5
21,45,39,85,84,53,102,30,72,108,112,53,55,45,79,58,78,60,58,41,81,83,86,44,45
22,53,68,79,129,72,50,21,99,111,94,94,97,62,94,87,108,69,59,36,77,71,133,88,57
23,5,14,7,12,20,32,5,13,21,16,16,31,6,2,15,13,12,22,2,12,16,11,20,22
24,42,52,180,171,57,125,41,72,162,110,67,68,35,68,77,72,70,46,50,66,112,92,46,38
25,33,71,133,145,54,141,40,89,141,89,93,84,47,99,84,96,81,84,43,83,123,114,48,82
26,14,29,73,63,31,58,0,28,58,76,27,37,7,29,38,30,23,23,10,14,35,23,22,21
27,34,127,97,82,92,49,45,199,138,98,128,171,45,92,53,95,113,106,133,122,52,63,133,113
28,16,37,40,44,33,27,23,46,52,55,31,39,11,26,33,34,25,37,20,32,23,34,40,38
29,18,48,62,99,45,50,22,62,79,70,57,56,17,36,100,82,57,47,25,68,58,82,81,34
30,26,57,70,76,64,79,27,50,44,65,60,52,22,42,41,59,48,34,26,41,58,58,35,41
31,14,155,37,82,106,114,34,122,75,106,122,120,32,80,105,138,172,97,30,112,118,144,104,159
32,31,46,35,52,65,34,28,63,21,32,79,45,20,30,23,24,64,39,36,35,31,20,32,43
33,28,24,91,88,40,77,24,39,104,95,48,52,35,39,63,60,18,17,30,48,48,57,38,22
34,29,17,110,74,18,64,24,32,78,101,56,46,45,30,90,68,16,20,39,50,68,61,55,32
35,10,12,49,37,15,45,8,14,45,44,24,19,14,23,33,32,4,14,14,23,32,30,14,10
36,2,5,2,6,8,3,0,6,4,11,10,7,0,6,10,10,7,3,0,6,3,9,8,0
37,36,23,6,17,51,7,13,18,11,25,31,20,8,20,23,20,20,21,11,26,13,23,23,31
38,17,123,3,20,121,41,22,72,35,43,123,62,5,20,29,69,103,79,10,59,30,27,59,45
39,18,111,18,72,102,92,10,66,59,96,88,71,11,45,50,94,68,76,14,43,69,68,72,52
40,9,9,8,13,5,1,5,6,7,11,3,9,6,8,10,11,3,3,9,2,4,7,6,12
41,10,62,0,3,82,12,1,49,8,26,55,61,1,36,44,16,47,66,7,36,5,30,92,43
42,13,39,2,6,51,1,2,45,4,20,37,44,1,20,20,13,56,37,9,34,2,17,75,31
43,10,4,13,7,6,7,4,4,6,16,4,11,8,16,9,19,11,4,20,1,17,25,4,1
44,5,117,0,30,166,40,8,105,4,33,121,105,3,34,24,68,92,87,17,38,70,56,67,74
45,3,13,1,3,24,9,16,10,5,5,8,3,13,0,1,5,19,12,4,11,4,7,9,8
46,2,3,0,1,32,5,0,0,2,1,17,6,4,44,31,23,6,11,1,12,1,19,35,1
47,2,9,16,19,25,11,4,17,13,17,17,25,4,11,16,21,8,7,4,21,7,13,19,5
48,1,15,0,1,21,3,2,15,3,2,8,8,2,5,6,14,10,10,14,5,4,5,11,7
49,0,102,0,1,121,0,15,62,1,4,126,85,1,2,3,16,117,117,0,27,5,7,84,104
50,0,45,1,5,149,0,1,11,1,7,23,8,2,5,7,1,4,73,2,18,1,2,50,153
51,0,37,0,0,32,0,1,13,0,0,27,19,0,1,0,3,41,18,0,3,1,0,22,26
52,0,2,0,0,14,0,0,0,0,0,4,1,0,0,0,0,5,4,0,0,0,0,3,7
