cluster,0,1,10,11,12,13,14,15,16,17,18,19,2,20,21,22,23,24,25,26,27,28,29,3,30,31,32,33,34,35,36,37,38,39,4,40,41,42,43,44,45,46,47,48,49,5,50,51,52,6,7,8,9
0,51,0,0,4,0,44,0,0,0,0,0,55,0,911,4,0,3,0,28,0,0,0,1,16,0,141,1,0,0,2,0,0,0,0,0,0,0,0,0,0,0,0,1,0,0,30,0,0,0,0,0,71,16
1,253,1,0,1,0,111,0,38,3,0,0,3,0,33,7,0,1,0,636,4,0,7,3,133,0,2,11,0,0,0,0,0,0,0,0,0,0,0,0,0,0,0,3,0,0,2,0,0,0,18,5,157,3
10,34,0,0,54,0,15,0,0,0,0,0,1,0,1,1,8,806,0,0,0,0,0,0,2,0,0,1,1,0,3,0,0,0,0,56,0,0,0,0,0,0,0,0,0,0,1,0,0,0,2,0,19,6
11,33,4,1,8,0,15,0,0,0,10,1,1,1,0,3,624,3,0,0,0,0,0,0,8,675,0,0,1,0,1,6,0,0,0,14,0,0,0,0,0,0,0,0,0,156,1,0,0,0,3,0,14,2
12,68,11,0,9,0,14,0,0,1,2,0,6,0,1,12,7,6,0,19,0,0,7,1,36,0,0,1,1,0,419,0,0,1,0,13,2,0,0,1,0,0,2,0,0,0,1,1,7,0,17,14,22,4
13,36,0,0,10,0,11,0,0,0,1,0,1,0,0,1,0,0,0,0,0,0,3,0,13,1,2,0,2,0,0,0,0,0,0,24,0,0,0,0,0,0,0,0,0,1,419,0,0,0,0,1,31,0
14,5,1,0,2,0,3,0,1249,1,1,0,0,0,0,0,0,1,0,15,1,1,0,0,22,0,1,0,1,0,1,0,0,0,0,1,0,21,0,0,1,0,9,0,0,0,2,0,1,0,0,0,8,1
15,53,1,0,0,0,14,0,7,0,0,0,0,0,2,5,1,0,0,4,0,1,2,1,122,0,0,2,0,0,3,0,0,0,0,1,0,5,0,0,0,0,194,0,0,0,2,0,0,0,0,2,17,0
16,34,4,0,0,0,14,0,0,1191,0,1,3,1,0,0,0,0,0,5,9,36,1,3,1,0,0,0,0,0,7,1,0,0,0,0,2,0,0,0,0,186,0,0,0,0,5,0,94,0,0,84,11,0
17,66,7,0,0,0,8,0,0,14,0,0,108,0,0,2,0,3,0,0,16,5,6,2,1,0,0,0,3,0,3,0,0,0,0,40,33,0,0,0,0,9,0,0,2,0,1,0,0,0,0,30,20,0
18,110,1603,0,0,0,49,0,1,1,3,0,22,0,0,3,1,0,0,2,60,6,0,1,6,0,1,3,6,0,0,2,0,0,3,19,0,0,0,0,8,0,0,1,2,0,2,1,0,0,3,83,89,0
19,264,25,0,2,0,99,0,1,6,1,1,905,0,72,2,0,2,0,11,9,3,3,2,4,0,1,6,8,0,13,0,0,0,0,11,0,0,0,0,0,4,0,0,0,0,75,0,0,0,1,26,131,4
2,37,0,0,3,0,19,0,0,0,2,0,26,0,55,4,1,0,0,1,1,0,10,1,21,0,23,2,0,0,0,1,0,0,0,11,0,0,0,0,0,0,0,0,0,0,1291,0,0,0,0,0,42,2
20,0,10,0,0,0,0,0,0,0,0,0,0,0,0,0,0,0,0,0,0,0,0,0,1,0,0,0,0,0,0,0,0,0,0,0,0,0,0,0,209,0,0,0,0,0,0,0,0,0,0,0,4,0
21,584,2,0,11,0,40,0,0,1,6,1,9,1,2,15,0,13,0,9,2,0,606,0,41,0,0,4,0,0,1,0,0,0,0,31,0,0,0,0,0,0,0,1,0,0,25,4,0,0,33,0,110,5
22,70,0,0,8,35,26,0,0,1,3,0,7,0,0,8,8,13,0,1,0,0,6,0,9,1,0,0,1,0,1,0,0,8,0,1519,0,0,0,0,0,1,0,0,0,0,7,8,0,0,7,1,121,0
23,25,1,0,0,1,278,0,0,0,2,0,0,0,1,1,1,3,0,6,0,0,0,0,1,0,0,4,0,0,0,0,0,0,0,1,0,0,0,0,0,0,0,0,0,0,0,0,0,0,2,2,2,0
24,55,40,0,0,0,60,0,0,15,1,1,17,0,0,1,0,0,0,3,6,123,0,3,2,0,0,0,1,0,21,0,0,0,0,0,0,0,0,0,0,4,0,0,0,0,2,0,1,0,1,1419,111,0
25,668,10,0,21,0,197,0,0,0,4,2,3,7,3,117,17,4,0,15,0,0,9,0,783,0,2,8,0,0,0,4,0,0,0,30,0,0,0,0,0,0,0,1,1,0,3,1,0,0,7,5,131,3
26,19,0,0,0,0,9,1,0,0,0,0,2,0,0,0,1,0,0,1,1,0,0,704,1,0,0,1,0,2,2,0,0,0,0,2,2,0,0,0,0,0,0,0,0,0,0,0,0,0,1,1,0,0
27,180,0,0,7,1,46,1,0,0,0,0,1,0,1,89,1,1,0,91,0,0,38,0,82,0,0,3,0,0,3,0,0,0,0,13,0,0,0,0,0,0,0,187,0,0,1,0,0,0,1412,0,159,16
28,37,10,0,0,0,16,0,0,3,0,0,7,0,0,8,0,0,0,14,658,0,0,1,1,0,1,0,2,0,5,0,0,0,0,0,0,0,0,0,0,0,0,1,0,0,1,0,0,0,3,7,6,0
29,31,648,0,1,0,13,0,0,0,0,0,9,1,0,0,0,0,0,0,3,2,0,0,0,0,0,0,584,0,0,0,0,0,0,3,0,0,0,0,0,2,0,0,1,0,0,0,0,0,0,5,25,0
3,9,1,0,0,0,1,1,0,3,0,0,3,0,0,1,0,0,0,0,0,570,0,0,1,0,0,0,0,0,2,0,0,0,1,1,0,0,0,0,0,1,0,0,0,0,0,0,1,0,0,17,0,0
30,96,1,0,1,0,27,0,0,0,2,0,1,5,2,748,26,5,0,13,1,0,3,0,60,1,0,4,0,0,2,1,0,0,0,10,0,0,0,0,0,0,0,0,1,0,1,0,0,0,83,0,47,5
31,2,0,1,0,0,6,3,0,0,0,0,0,2298,0,4,2,0,1,0,1,0,0,0,4,1,0,0,0,0,1,0,0,0,0,0,0,0,1,0,0,0,0,0,0,0,2,0,0,0,0,0,0,0
32,4,3,0,0,1,6,0,0,0,0,0,0,1,1,0,2,0,0,0,0,1,0,0,0,0,0,0,0,0,0,0,467,0,416,0,0,0,0,0,0,0,0,0,4,0,0,1,0,2,0,0,1,0
33,99,1,0,6,0,30,0,0,0,940,0,4,0,3,0,4,1,0,0,0,0,2,0,7,9,1,5,0,0,4,3,0,0,0,10,0,0,0,0,0,0,0,0,0,8,18,0,0,0,2,1,5,2
34,136,3,0,3,0,66,0,0,1,236,0,9,0,2,5,0,0,0,6,0,0,7,0,22,0,4,551,0,0,0,33,0,0,0,3,0,0,0,0,0,0,0,0,0,0,10,0,0,0,1,1,101,2
35,24,2,0,0,0,17,0,0,0,3,0,3,0,5,0,0,0,0,0,0,0,1,0,2,0,471,4,0,0,0,0,0,0,0,0,0,0,0,0,0,0,0,0,0,0,15,0,0,0,0,0,8,0
36,11,1,0,10,0,3,0,0,0,1,0,0,0,0,0,0,0,0,0,0,0,0,0,5,0,0,0,0,0,0,3,0,0,0,88,0,0,0,0,0,0,0,0,0,0,2,0,0,0,0,0,1,0
37,2,0,0,0,10,1,0,0,0,0,0,1,1,1,1,0,0,0,0,0,3,1,0,0,0,0,0,1,0,5,0,0,435,0,18,0,0,0,0,0,0,0,0,0,0,0,0,0,0,0,0,2,1
38,0,2,8,0,0,0,1167,0,0,0,16,0,0,0,0,0,0,1,0,0,0,0,0,2,0,0,0,0,0,0,0,0,0,0,0,0,0,0,0,0,0,0,0,0,0,0,0,0,0,0,0,0,0
39,7,2,108,0,4,10,105,1,2,0,1174,3,0,0,0,0,0,6,1,0,1,0,0,2,0,0,0,0,0,0,0,0,0,0,1,0,0,1,0,0,0,0,0,0,0,0,0,0,0,0,1,3,0
4,100,1,0,0,0,13,0,0,0,0,0,0,0,2,4,0,0,0,10,5,0,0,0,610,0,0,0,0,0,2,2,0,0,0,2,0,0,0,0,0,0,0,0,0,0,6,0,0,0,1,1,39,1
40,6,0,0,0,1,2,0,0,0,0,0,0,0,0,0,0,0,0,0,0,0,0,0,0,0,0,0,0,0,0,0,0,0,0,7,0,0,0,0,0,0,0,0,0,0,1,142,0,0,1,0,4,0
41,0,0,0,0,746,0,0,0,0,0,0,0,0,0,0,0,0,0,0,0,0,0,0,0,0,0,0,0,0,2,0,0,6,0,6,0,0,1,9,0,0,0,0,0,0,0,0,0,0,0,0,1,0
42,0,0,0,0,540,2,0,0,0,0,0,0,0,0,0,0,0,0,0,0,0,0,0,0,0,0,0,0,0,2,0,0,3,0,10,0,0,0,0,0,0,0,0,0,0,0,1,0,0,0,0,5,0
43,0,0,0,0,0,0,0,3,0,0,0,0,0,0,0,0,0,0,0,0,0,0,0,0,0,0,0,0,0,0,0,0,0,0,0,0,219,0,0,0,0,2,0,0,0,0,0,0,0,0,0,0,0
44,0,0,1247,0,0,0,48,0,0,0,8,0,0,0,0,0,0,25,0,0,0,0,0,0,0,0,0,0,0,0,0,0,0,0,0,0,0,1,0,0,0,0,0,0,0,0,0,0,0,0,0,0,0
45,0,0,0,0,0,2,0,0,0,0,0,0,0,0,1,0,0,0,0,0,0,0,0,0,0,0,0,0,0,0,0,1,0,1,0,0,0,0,0,0,0,0,0,184,0,0,0,0,0,0,0,1,0
46,1,0,1,0,14,1,0,0,0,0,0,0,0,0,0,1,0,0,0,1,1,0,0,0,0,0,0,0,0,0,0,0,3,0,3,0,0,0,223,0,0,0,0,0,0,0,0,0,0,1,0,0,0
47,5,0,0,0,2,8,0,0,0,29,1,0,1,0,2,4,0,0,0,0,0,1,1,1,6,0,0,1,0,1,0,0,0,0,0,0,0,1,0,0,0,0,0,0,0,0,0,0,0,3,0,6,0
48,0,0,0,0,0,0,0,0,0,0,0,0,0,0,4,2,0,0,0,0,0,0,0,0,0,0,0,0,0,2,0,0,0,0,2,0,0,0,0,0,0,0,0,0,0,0,0,0,0,159,0,1,0
49,0,0,42,0,0,6,7,0,0,0,5,0,0,0,0,0,0,917,0,0,0,0,0,0,0,0,0,0,0,0,0,0,0,0,0,0,0,0,0,0,0,0,0,0,0,0,0,0,0,0,0,0,0
5,54,2,0,394,0,10,0,0,0,3,0,0,1,0,2,9,0,0,1,0,1,0,0,16,2,0,18,0,0,0,453,0,0,0,0,0,0,0,0,0,0,0,2,0,1,6,1,0,0,0,0,48,3
50,2,1,1,0,1,0,0,0,0,0,1,1,0,0,10,1,0,0,0,0,0,0,1,0,0,0,0,5,0,0,0,0,0,0,7,0,0,1,0,0,0,0,0,0,0,0,0,0,0,0,0,0,1
51,0,0,0,0,0,3,2,0,0,0,0,0,0,0,0,0,0,0,0,0,0,0,0,0,0,0,0,0,0,0,0,0,0,0,0,0,0,235,0,0,0,0,0,0,0,0,0,0,0,0,1,0,0
52,1,0,0,0,0,5,0,0,0,0,1,0,0,0,0,0,0,0,0,2,0,0,0,0,0,0,0,0,0,0,0,0,0,0,0,0,0,0,0,0,0,0,0,0,0,0,0,0,0,0,0,0,0
6,75,2,0,163,0,36,0,0,0,1,0,0,0,3,3,10,44,0,2,0,0,6,0,11,0,0,2,0,0,0,0,0,0,0,2,0,0,0,0,0,0,0,0,0,0,1,0,0,0,2,0,12,1440
7,2,0,0,0,0,6,0,0,0,0,0,0,0,0,0,264,0,0,0,0,0,0,0,0,1,0,0,0,0,1,0,0,0,0,0,0,0,0,0,0,0,0,0,0,0,1,0,0,0,1,0,2,15
8,0,0,0,0,1,1,0,0,0,0,1,0,0,0,1,0,0,0,0,0,0,0,1,1,0,0,0,0,544,0,0,0,0,0,0,215,0,0,0,0,0,0,0,0,0,1,0,0,0,0,0,0,0
9,117,1,0,700,0,5,0,0,0,7,0,3,0,0,11,11,41,0,0,0,0,18,0,11,0,0,0,0,0,1,0,0,0,0,33,0,0,0,0,0,0,0,0,0,0,5,0,0,0,4,0,37,31
