"logFC","logCPM","F","PValue","FDR","cluster","term","analysis","fdr_holm"
-0.584361872705417,13.8586354368421,16.3191291353285,0.000613372855140544,0.0325087613224488,"8","speciesPpol","my_clusters",0.0325087613224488
1.96386961337681,12.5091445885653,13.2415210631432,0.00127363741782001,0.0337513915722302,"46","speciesPpol","my_clusters",0.0662291457266403
-0.499492151267893,12.9999925761357,6.71837146857017,0.0172593383252681,0.211232180533381,"17","speciesPpol","my_clusters",0.880226254588675
0.481460807175316,15.4915582098949,6.33160565228202,0.0202077777346439,0.211232180533381,"31","speciesPpol","my_clusters",1
0.457784443774364,13.5053915793118,6.29834645978576,0.0205562019926293,0.211232180533381,"13","speciesPpol","my_clusters",1
-0.518590021669951,13.826766069311,5.94816792097043,0.0239130770415148,0.211232180533381,"26","speciesPpol","my_clusters",1
-0.298550259399808,15.1450888792288,4.74119478502554,0.0411910507675339,0.311875098668471,"24","speciesPpol","my_clusters",1
-0.344464886145129,14.4758950555498,4.44542843554125,0.0473969707581098,0.314004931272477,"33","speciesPpol","my_clusters",1
-0.333778685211426,13.586550162461,3.49218862378036,0.0760146229993049,0.41443974054578,"3","speciesPpol","my_clusters",1
0.63034618293502,12.3875952043162,3.361588131339,0.0813446305750684,0.41443974054578,"43","speciesPpol","my_clusters",1
-0.215700820853447,14.5013956160921,3.25057144052116,0.0860157952076147,0.41443974054578,"30","speciesPpol","my_clusters",1
-0.435981625836323,13.761767109945,2.55673617840292,0.125093106490838,0.552494553667868,"12","speciesPpol","my_clusters",1
0.204211822097412,14.6607188756265,2.1310357287475,0.159397976571708,0.629399894690623,"29","speciesPpol","my_clusters",1
-0.208066256588687,14.8335821740074,1.89015842191576,0.183913448753825,0.629399894690623,"1","speciesPpol","my_clusters",1
0.256724404615958,12.7225740010618,1.85556414946864,0.188036820916101,0.629399894690623,"7","speciesPpol","my_clusters",1
0.577051407924405,12.0779472709501,1.83246764715472,0.190007515378301,0.629399894690623,"48","speciesPpol","my_clusters",1
0.558459400804136,13.9948493422177,1.66142617923952,0.211572630625947,0.656441798660887,"41","speciesPpol","my_clusters",1
-0.227835913605595,14.2587056653373,1.57903826236484,0.222942497658415,0.656441798660887,"32","speciesPpol","my_clusters",1
0.184673525501095,14.7352471495334,1.25480708967458,0.27549538793028,0.743142138527423,"0","speciesPpol","my_clusters",1
0.451747388917762,13.59020169007,1.22897075109896,0.280430995670726,0.743142138527423,"42","speciesPpol","my_clusters",1
-0.193983762345282,14.2732443714259,1.00717453608534,0.327213981906065,0.809245194214912,"5","speciesPpol","my_clusters",1
0.145565994435405,15.1830840170755,0.931215421390341,0.345704884174462,0.809245194214912,"22","speciesPpol","my_clusters",1
0.41651976051345,14.7153130437179,0.910006543927983,0.351181876734773,0.809245194214912,"44","speciesPpol","my_clusters",1
0.142884735765316,14.3548997907699,0.774056366466236,0.38909439139102,0.815661591067299,"10","speciesPpol","my_clusters",1
-0.142146399335398,13.9835953976186,0.763144635319338,0.392413729065269,0.815661591067299,"28","speciesPpol","my_clusters",1
-0.170207362023058,13.4512567162959,0.700170362368576,0.41238393496463,0.815661591067299,"35","speciesPpol","my_clusters",1
0.092482508642593,15.2955863270218,0.676085286287334,0.420324759744797,0.815661591067299,"18","speciesPpol","my_clusters",1
-0.123677231963847,15.0054797720944,0.625191980917225,0.438107067568653,0.815661591067299,"19","speciesPpol","my_clusters",1
0.151827315143312,14.3320830562894,0.602841847016484,0.44630539888588,0.815661591067299,"9","speciesPpol","my_clusters",1
-0.16540574880332,12.6977099795277,0.48058094080672,0.495810531355448,0.875931938727957,"47","speciesPpol","my_clusters",1
-0.128200569107021,12.3404331594365,0.406919364525982,0.530506984495706,0.906995812202337,"20","speciesPpol","my_clusters",1
-0.103011471482114,13.9530031799704,0.333749432554169,0.569722451509383,0.937144406017888,"4","speciesPpol","my_clusters",1
0.0684540290871308,14.9360678275501,0.268135552974506,0.610085437328377,0.937144406017888,"21","speciesPpol","my_clusters",1
0.0979981160868618,13.2275511975482,0.25645682173545,0.61797696219806,0.937144406017888,"15","speciesPpol","my_clusters",1
0.385209978821799,13.6412841787291,0.253491586916051,0.618868947370304,0.937144406017888,"50","speciesPpol","my_clusters",1
-0.103525428100672,12.8604210074789,0.214207115461792,0.648349795671122,0.94428740775368,"23","speciesPpol","my_clusters",1
0.0562257231478616,15.296209279491,0.198401793976359,0.660644860488333,0.94428740775368,"25","speciesPpol","my_clusters",1
0.0765293288179976,14.5392281549078,0.15421681926383,0.698563537854969,0.94428740775368,"34","speciesPpol","my_clusters",1
0.115144196888119,13.4353510377699,0.142741023809626,0.709452712995885,0.94428740775368,"37","speciesPpol","my_clusters",1
0.0709068639181968,15.5535163831922,0.120340542172917,0.732172328775669,0.94428740775368,"27","speciesPpol","my_clusters",1
0.267837959524698,10.7258787464715,0.110529671937856,0.743839200069463,0.94428740775368,"52","speciesPpol","my_clusters",1
0.121519361593429,11.6525291804623,0.104565240378043,0.749097367495636,0.94428740775368,"36","speciesPpol","my_clusters",1
0.0841057436387821,12.0435316102183,0.0697905355643142,0.794276579850471,0.94428740775368,"40","speciesPpol","my_clusters",1
-0.0895779251491371,14.5763798637228,0.0672291536680548,0.797988691505642,0.94428740775368,"38","speciesPpol","my_clusters",1
-0.0521019683999192,14.7712893448176,0.064688834852083,0.801753459413502,0.94428740775368,"39","speciesPpol","my_clusters",1
-0.0232469897481363,15.1928733221983,0.0205576950072464,0.887379417992094,0.989337193904846,"6","speciesPpol","my_clusters",1
0.0524326129202344,12.2650367577922,0.0176654943269054,0.895511998329463,0.989337193904846,"45","speciesPpol","my_clusters",1
0.0285525123359436,14.8844348421467,0.0155295172833765,0.902031123736457,0.989337193904846,"2","speciesPpol","my_clusters",1
0.0672540411796603,14.3591672998248,0.011610950138117,0.91515803997827,0.989337193904846,"49","speciesPpol","my_clusters",1
-0.011030099785678,14.9102984912049,0.00214329691718084,0.963519903695617,0.989337193904846,"11","speciesPpol","my_clusters",1
0.00614022682078534,14.7781103128497,0.00114142084554387,0.973373039896284,0.989337193904846,"14","speciesPpol","my_clusters",1
-0.0041177728367882,14.9980535821637,0.000710107539773035,0.978996343740749,0.989337193904846,"16","speciesPpol","my_clusters",1
0.00746815962793251,12.4929578220101,0.000182031929216833,0.989337193904846,0.989337193904846,"51","speciesPpol","my_clusters",1
0.763025307338696,15.1928733221983,22.1027492259917,0.00012651270156756,0.0067051731830807,"6","sexM","my_clusters",0.0067051731830807
0.443298507121513,15.5535163831922,4.7751528931261,0.0405372963486159,0.621064376490986,"27","sexM","my_clusters",1
-1.12327577703732,12.5091445885653,4.63709373497923,0.0413324100929617,0.621064376490986,"46","sexM","my_clusters",1
-0.377123517054129,13.586550162461,4.47254377708835,0.0468727831313952,0.621064376490986,"3","sexM","my_clusters",1
-0.252616228742771,14.9980535821637,2.7487950927341,0.112435508625545,0.921908001679502,"16","sexM","my_clusters",1
-0.34493639199691,13.826766069311,2.66242636195435,0.117982120112771,0.921908001679502,"26","sexM","my_clusters",1
0.353113854431921,14.8844348421467,2.49251347792641,0.129580662437792,0.921908001679502,"2","sexM","my_clusters",1
0.233509777670314,13.9835953976186,2.07477140783811,0.164775137715211,0.921908001679502,"28","sexM","my_clusters",1
0.253801391513237,14.5392281549078,1.67237342940478,0.210226788694463,0.921908001679502,"34","sexM","my_clusters",1
-0.207712320069391,14.7352471495334,1.60368080156533,0.219480911029581,0.921908001679502,"0","sexM","my_clusters",1
-0.209319618819666,14.7781103128497,1.3825616969837,0.25304146225334,0.921908001679502,"14","sexM","my_clusters",1
-0.135568347580246,14.5013956160921,1.28540979463774,0.269889814627024,0.921908001679502,"30","sexM","my_clusters",1
-0.19147782660505,14.2732443714259,0.998947704081054,0.329151396043945,0.921908001679502,"5","sexM","my_clusters",1
0.174510035601522,12.7225740010618,0.857650211480379,0.365258208959082,0.921908001679502,"7","sexM","my_clusters",1
0.175414581142617,15.4915582098949,0.854827706537012,0.365864949974787,0.921908001679502,"31","sexM","my_clusters",1
0.193854508797406,12.8604210074789,0.752103596253005,0.395817950117804,0.921908001679502,"23","sexM","my_clusters",1
-0.162096056133521,13.2275511975482,0.706288480329882,0.41038988679968,0.921908001679502,"15","sexM","my_clusters",1
-0.0923327343371257,15.2955863270218,0.67849275096883,0.419511712658084,0.921908001679502,"18","sexM","my_clusters",1
-0.122197532478461,14.8335821740074,0.664864127239866,0.424149490313422,0.921908001679502,"1","sexM","my_clusters",1
-0.660136755328326,10.7258787464715,0.65554962710526,0.429961818840329,0.921908001679502,"52","sexM","my_clusters",1
-0.109095653319516,15.1450888792288,0.637997681228669,0.433521968095744,0.921908001679502,"24","sexM","my_clusters",1
0.161566067685763,14.9102984912049,0.457982922002185,0.506088574240343,0.921908001679502,"11","sexM","my_clusters",1
0.261895122457737,14.7153130437179,0.396470077034609,0.53584505066191,0.921908001679502,"44","sexM","my_clusters",1
0.0878423384847376,14.6607188756265,0.393464326280979,0.537362331408712,0.921908001679502,"29","sexM","my_clusters",1
-0.121168870871111,14.7712893448176,0.352285526856306,0.559280914254572,0.921908001679502,"39","sexM","my_clusters",1
-0.0666176875127405,15.296209279491,0.278198084744474,0.603501769780834,0.921908001679502,"25","sexM","my_clusters",1
-0.291389009551836,12.4929578220101,0.259119146192505,0.614971729577371,0.921908001679502,"51","sexM","my_clusters",1
0.0773959121759924,15.0054797720944,0.245648314636257,0.625386834847491,0.921908001679502,"19","sexM","my_clusters",1
-0.167672857168931,12.3875952043162,0.241407528114327,0.628427918366418,0.921908001679502,"43","sexM","my_clusters",1
-0.070574928740879,13.8586354368421,0.238710098611566,0.630316387727613,0.921908001679502,"8","sexM","my_clusters",1
-0.0831504642662981,13.9530031799704,0.218362212538534,0.645196877430355,0.921908001679502,"4","sexM","my_clusters",1
-0.310856674190394,13.6412841787291,0.208067106801291,0.652076283863918,0.921908001679502,"50","sexM","my_clusters",1
0.1592570402774,13.59020169007,0.151984756401938,0.700662497701124,0.921908001679502,"42","sexM","my_clusters",1
0.0917777393101549,12.6977099795277,0.147793766171206,0.70454605526793,0.921908001679502,"47","sexM","my_clusters",1
0.0572816622080189,14.4758950555498,0.125596910764029,0.726636679559269,0.921908001679502,"33","sexM","my_clusters",1
0.0530491453112694,14.3548997907699,0.10522875219846,0.748907605743288,0.921908001679502,"10","sexM","my_clusters",1
-0.0415854164151412,14.9360678275501,0.0986015235197394,0.756662728207498,0.921908001679502,"21","sexM","my_clusters",1
-0.0958568711323061,12.0435316102183,0.0897971108901809,0.767448954679128,0.921908001679502,"40","sexM","my_clusters",1
-0.0913533446934548,13.4353510377699,0.0895570912162944,0.767752356837701,0.921908001679502,"37","sexM","my_clusters",1
0.0579083914672364,14.3320830562894,0.0864774304584709,0.771641892049039,0.921908001679502,"9","sexM","my_clusters",1
0.0463602269317374,13.5053915793118,0.0652397197422818,0.800939956380235,0.921908001679502,"13","sexM","my_clusters",1
-0.050812760873067,13.4512567162959,0.0625955033526411,0.804932247195699,0.921908001679502,"35","sexM","my_clusters",1
0.142178030497246,14.3591672998248,0.0560878020848055,0.81495999339734,0.921908001679502,"49","sexM","my_clusters",1
0.0426261153245983,12.9999925761357,0.049185636601273,0.826692512030015,0.921908001679502,"17","sexM","my_clusters",1
-0.0769971825176274,12.2650367577922,0.0356860816625597,0.851955120278193,0.921908001679502,"45","sexM","my_clusters",1
-0.0335669882690296,14.2587056653373,0.0347984105269853,0.853840969500567,0.921908001679502,"32","sexM","my_clusters",1
-0.0725291252279061,12.0779472709501,0.0300169158311447,0.864085427986433,0.921908001679502,"48","sexM","my_clusters",1
-0.0627925047856191,11.6525291804623,0.0274275678233573,0.869788544400812,0.921908001679502,"36","sexM","my_clusters",1
0.0427099920418645,13.761767109945,0.0251990332417905,0.875422336865731,0.921908001679502,"12","sexM","my_clusters",1
-0.0504706559250475,14.5763798637228,0.0220272221995325,0.883458214389288,0.921908001679502,"38","sexM","my_clusters",1
-0.0219261107662473,15.1830840170755,0.0206535185554454,0.887119020484049,0.921908001679502,"22","sexM","my_clusters",1
0.0144980822428217,12.3404331594365,0.00500591108666304,0.944271508951874,0.962430576431717,"20","sexM","my_clusters",1
-0.00465338579785868,13.9948493422177,0.000108197980237289,0.991799887947402,0.991799887947402,"41","sexM","my_clusters",1
0.75947215856348,14.3197274737413,17.912285633908,0.000386148518213109,0.020341700437022,"20","speciesPpol","authors_clusters",0.0204658714652948
2.38502297646054,12.3587877989257,14.8149247029685,0.000767611337246113,0.020341700437022,"43","speciesPpol","authors_clusters",0.0399157895367979
-0.71454786056561,12.3819324715252,13.6858051651796,0.00136815612653161,0.0241707582353918,"40","speciesPpol","authors_clusters",0.0697759624531123
-0.68297646122807,13.3456119407975,11.2438429062402,0.00306655193257283,0.04063181310659,"34","speciesPpol","authors_clusters",0.153327596628641
-0.574795727651773,13.7185878864716,5.17175828329763,0.0338119734507548,0.320254995542684,"29","speciesPpol","authors_clusters",1
0.677486886648323,12.4751960511939,5.02432358405231,0.0362552825142661,0.320254995542684,"41","speciesPpol","authors_clusters",1
0.452901790109858,15.527425857832,4.03146744561924,0.0579110930882777,0.438469704811245,"2","speciesPpol","authors_clusters",1
0.247187563447032,15.378541473908,3.39571971506027,0.0797631553319708,0.528430904074307,"1","speciesPpol","authors_clusters",1
-0.270060211656478,13.8416737667162,2.73910342386588,0.113082419404317,0.665929803158757,"27","speciesPpol","authors_clusters",1
0.305018148895271,15.1600633377022,2.36661219612179,0.139150145837404,0.721090903250989,"4","speciesPpol","authors_clusters",1
-0.632498311547513,13.316460346929,2.1078644852924,0.160100160581042,0.721090903250989,"39","speciesPpol","authors_clusters",1
0.416435915752917,12.3556489976587,2.09194770122587,0.163265864887016,0.721090903250989,"46","speciesPpol","authors_clusters",1
-0.261378340363162,14.5801445336421,1.77520149290394,0.197256162991264,0.724530726663021,"17","speciesPpol","authors_clusters",1
0.277103279906139,15.0196761590064,1.54858307052905,0.227303186985921,0.724530726663021,"3","speciesPpol","authors_clusters",1
0.443453530068337,11.9547355259825,1.53204212686542,0.227776265313224,0.724530726663021,"49","speciesPpol","authors_clusters",1
0.494268495031887,15.2596219921932,1.50791166025692,0.233279131533443,0.724530726663021,"6","speciesPpol","authors_clusters",1
-0.212687404974578,14.0092264816633,1.50050804185463,0.23440191082015,0.724530726663021,"26","speciesPpol","authors_clusters",1
0.2499140402098,13.5633944501343,1.36704515251966,0.255615050630279,0.724530726663021,"33","speciesPpol","authors_clusters",1
0.253137737807171,13.6696488131267,1.2358626799188,0.279109866397031,0.724530726663021,"28","speciesPpol","authors_clusters",1
-0.209545303284023,14.3013758777668,1.14115326216391,0.297756714799774,0.724530726663021,"21","speciesPpol","authors_clusters",1
-0.240049416704267,13.8700085390854,1.11744060650956,0.30245031093822,0.724530726663021,"25","speciesPpol","authors_clusters",1
0.357989306722929,13.3971172231687,1.07829994235072,0.311076089335051,0.724530726663021,"32","speciesPpol","authors_clusters",1
-0.251662698267286,16.0041389910947,1.06322992837773,0.314418994589613,0.724530726663021,"0","speciesPpol","authors_clusters",1
0.469361279992868,14.8507695444381,0.852860527865832,0.366430989226464,0.802388514394101,"10","speciesPpol","authors_clusters",1
0.454055448268899,14.8608303168982,0.810152066899511,0.378485148299104,0.802388514394101,"12","speciesPpol","authors_clusters",1
-0.199883577924375,14.8059170291972,0.757058695331305,0.394287787319285,0.803740489535465,"13","speciesPpol","authors_clusters",1
0.223100317802846,13.7889683793957,0.662783040296839,0.424866515793138,0.833997234705049,"30","speciesPpol","authors_clusters",1
-0.257675916609721,13.2680000417689,0.539026592392988,0.471146890576518,0.841881584486998,"35","speciesPpol","authors_clusters",1
0.327331603018655,10.6684157098816,0.525947949177135,0.473650448344095,0.841881584486998,"52","speciesPpol","authors_clusters",1
0.168207628520914,14.5829246210304,0.525769719867344,0.476536745936037,0.841881584486998,"11","speciesPpol","authors_clusters",1
0.20521304925431,11.9912136119845,0.459092139491267,0.505630339334415,0.848484752418772,"50","speciesPpol","authors_clusters",1
-0.107488867798764,14.8007282657079,0.443323545364756,0.512889291914311,0.848484752418772,"15","speciesPpol","authors_clusters",1
-0.142865549173123,13.581920411571,0.411498676578212,0.528301826977726,0.848484752418772,"31","speciesPpol","authors_clusters",1
-0.136682541706526,14.5135323122008,0.324007447451425,0.575358547359344,0.878875893843075,"18","speciesPpol","authors_clusters",1
-0.153796330817682,12.0782373395456,0.315033240286441,0.580389741217125,0.878875893843075,"45","speciesPpol","authors_clusters",1
0.0923995515098942,15.1443307924405,0.228338878667975,0.637773863043105,0.938944853924571,"5","speciesPpol","authors_clusters",1
0.0686159488700482,14.3003456399115,0.150455473882208,0.702071504457488,0.956262752600174,"23","speciesPpol","authors_clusters",1
0.134428015309218,13.480161151086,0.138970770643792,0.713124867326445,0.956262752600174,"38","speciesPpol","authors_clusters",1
-0.0739972916477257,13.4115978529634,0.119165021457104,0.733454638374752,0.956262752600174,"37","speciesPpol","authors_clusters",1
-0.104356928211063,13.1874190553276,0.11836081989193,0.734312095688818,0.956262752600174,"36","speciesPpol","authors_clusters",1
0.139579250700928,12.3779054506443,0.0964321354800784,0.759285766109463,0.956262752600174,"48","speciesPpol","authors_clusters",1
-0.0876825615702812,12.0033519931008,0.0853010136429031,0.772827314263648,0.956262752600174,"47","speciesPpol","authors_clusters",1
0.105169459060419,16.5198305975267,0.0543621036783037,0.817488540187978,0.956262752600174,"8","speciesPpol","authors_clusters",1
-0.1772100520214,14.4297647036769,0.0512248835085178,0.822713299003716,0.956262752600174,"24","speciesPpol","authors_clusters",1
-0.0923172075562133,14.8087534653861,0.0506216771050596,0.824198582125894,0.956262752600174,"14","speciesPpol","authors_clusters",1
0.0841097338694415,11.3649688760007,0.0390689149791112,0.84486129546944,0.956262752600174,"51","speciesPpol","authors_clusters",1
-0.0222430433790287,14.5639187454999,0.0208921825733321,0.886474265727395,0.956262752600174,"16","speciesPpol","authors_clusters",1
-0.0259238253776662,14.8268113946333,0.0127754015409661,0.911100951671505,0.956262752600174,"7","speciesPpol","authors_clusters",1
-0.0181071896347313,15.1330952932971,0.0106142518493866,0.918935919369055,0.956262752600174,"9","speciesPpol","authors_clusters",1
-0.0145979687492716,12.2376141503347,0.00599416805961485,0.939018511484913,0.956262752600174,"44","speciesPpol","authors_clusters",1
-0.0175486343389655,14.3263426108426,0.00461328520878345,0.946503300821262,0.956262752600174,"22","speciesPpol","authors_clusters",1
0.0127605903580587,14.2380642857825,0.00311566818856064,0.956024056613998,0.956262752600174,"19","speciesPpol","authors_clusters",1
-0.0431105170672007,12.5449098035918,0.00307092413394836,0.956262752600174,0.956262752600174,"42","speciesPpol","authors_clusters",1
0.829846593076303,15.1330952932971,22.1897768618968,0.000123746773200861,0.00655857897964565,"9","sexM","authors_clusters",0.00655857897964565
0.598863032738426,15.1443307924405,9.89889032416164,0.00494079671196857,0.130931112867167,"5","sexM","authors_clusters",0.256921429022365
0.561809322905165,16.0041389910947,5.48878778948278,0.0292551024317291,0.516840142960547,"0","sexM","authors_clusters",1
-0.332423736803096,13.8416737667162,4.16833674657388,0.0542067464850493,0.597736308727414,"27","sexM","authors_clusters",1
-0.853139388956635,11.3649688760007,3.99098127927276,0.056390217804473,0.597736308727414,"51","sexM","authors_clusters",1
0.668805964052909,15.2596219921932,2.90074296326537,0.10355229962729,0.658742334556753,"6","sexM","authors_clusters",1
-0.26090049439939,14.5639187454999,2.86145282365898,0.10576083803993,0.658742334556753,"16","sexM","authors_clusters",1
-0.967101800028549,12.3587877989257,2.71753402335593,0.112240509904104,0.658742334556753,"43","sexM","authors_clusters",1
0.277418374540683,14.3003456399115,2.40017867496958,0.136517679328548,0.658742334556753,"23","sexM","authors_clusters",1
0.451411772392252,12.0033519931008,2.33115907132905,0.140291995434298,0.658742334556753,"47","sexM","authors_clusters",1
-0.282878077280287,12.3819324715252,2.1850353157173,0.154519185955447,0.658742334556753,"40","sexM","authors_clusters",1
-0.351506651105197,14.2380642857825,2.16770623495182,0.15603830671056,0.658742334556753,"19","sexM","authors_clusters",1
0.246931896821361,14.0092264816633,2.05696369721666,0.16650322008848,0.658742334556753,"26","sexM","authors_clusters",1
-0.354494103629479,13.7185878864716,1.98317510372024,0.174007409128199,0.658742334556753,"29","sexM","authors_clusters",1
0.288635384011748,13.5633944501343,1.81878912300594,0.192035937441705,0.678526978960692,"33","sexM","authors_clusters",1
0.34411521002813,13.7889683793957,1.52458161361189,0.230791087816969,0.73094826080601,"30","sexM","authors_clusters",1
-0.272807128744115,15.0196761590064,1.50015276938772,0.234455102522682,0.73094826080601,"3","sexM","authors_clusters",1
0.24930737228934,15.527425857832,1.25585528388211,0.275291717949403,0.810581169517686,"2","sexM","authors_clusters",1
0.345325050267655,13.3971172231687,1.03337007946081,0.321122711651437,0.88442987073094,"32","sexM","authors_clusters",1
0.252825067089949,14.3263426108426,0.97973991640844,0.333747121030543,0.88442987073094,"22","sexM","authors_clusters",1
0.182348868780984,13.3456119407975,0.804431859771446,0.38012173623908,0.898948300714562,"34","sexM","authors_clusters",1
-0.246401710364262,12.4751960511939,0.67310925541443,0.421449192355666,0.898948300714562,"41","sexM","authors_clusters",1
-0.130000813799264,14.8007282657079,0.654280939936173,0.427804060116228,0.898948300714562,"15","sexM","authors_clusters",1
0.221244552207501,12.0782373395456,0.652804141152364,0.427928096402532,0.898948300714562,"45","sexM","authors_clusters",1
-0.15769139082507,14.3013758777668,0.636901453220501,0.433931025251075,0.898948300714562,"21","sexM","authors_clusters",1
0.371629781377959,14.8507695444381,0.617296661730862,0.440993506010917,0.898948300714562,"10","sexM","authors_clusters",1
0.310766746094559,13.316460346929,0.540154250574116,0.469825023464139,0.92144273074485,"39","sexM","authors_clusters",1
-0.116782550836016,14.3197274737413,0.434317527560493,0.517174208986742,0.92144273074485,"20","sexM","authors_clusters",1
0.149721085335918,14.5829246210304,0.413658052361041,0.527204538517898,0.92144273074485,"11","sexM","authors_clusters",1
0.141853771850134,14.8268113946333,0.40298276248106,0.532531844851965,0.92144273074485,"7","sexM","authors_clusters",1
0.27443132106811,16.5198305975267,0.33135637794082,0.56987307387415,0.92144273074485,"8","sexM","authors_clusters",1
-0.165608782471541,11.9912136119845,0.291991166160279,0.594774679330644,0.92144273074485,"50","sexM","authors_clusters",1
0.18521641169836,13.2680000417689,0.291917735629836,0.594813022947823,0.92144273074485,"35","sexM","authors_clusters",1
0.102101898528682,14.5801445336421,0.279896489214179,0.602409897964808,0.92144273074485,"17","sexM","authors_clusters",1
-0.14034458126732,12.3556489976587,0.24963057732182,0.622680752932801,0.92144273074485,"46","sexM","authors_clusters",1
-0.0660638555398458,15.378541473908,0.244936286203364,0.625885628430464,0.92144273074485,"1","sexM","authors_clusters",1
0.0919374343254179,15.1600633377022,0.217697302810895,0.645688525202198,0.924905184749094,"4","sexM","authors_clusters",1
-0.262166407937327,12.5449098035918,0.153669171942244,0.698489268383065,0.936881678039765,"42","sexM","authors_clusters",1
-0.139702347232543,11.9547355259825,0.152395921802913,0.699698843008943,0.936881678039765,"49","sexM","authors_clusters",1
-0.0850340449350773,14.8059170291972,0.140787098202608,0.711339578550274,0.936881678039765,"13","sexM","authors_clusters",1
-0.075947579526085,13.4115978529634,0.127428374250687,0.724757524521327,0.936881678039765,"37","sexM","authors_clusters",1
0.0537182889810364,12.2376141503347,0.0781930203569718,0.78248856556804,0.956699753677427,"44","sexM","authors_clusters",1
-0.0623042866888501,13.8700085390854,0.0763132158843361,0.785051061071872,0.956699753677427,"25","sexM","authors_clusters",1
0.117174953691558,12.3779054506443,0.0698152027921756,0.794241304939751,0.956699753677427,"48","sexM","authors_clusters",1
0.130334213213375,14.4297647036769,0.0351757218488243,0.852682242482152,0.984084528055419,"24","sexM","authors_clusters",1
-0.0413050838512944,13.581920411571,0.0346718631328317,0.854111099821684,0.984084528055419,"31","sexM","authors_clusters",1
0.0404652998930735,13.1874190553276,0.018369417515033,0.893507733433325,0.996508523113791,"36","sexM","authors_clusters",1
0.050797830041468,10.6684157098816,0.0116483101591584,0.914735492503176,0.996508523113791,"52","sexM","authors_clusters",1
-0.0272026293527417,13.480161151086,0.00543436525038134,0.941947731701642,0.996508523113791,"38","sexM","authors_clusters",1
0.0193870609541357,14.8087534653861,0.00264784514036456,0.9594561624788,0.996508523113791,"14","sexM","authors_clusters",1
0.00673549548729247,14.8608303168982,0.000150320132954948,0.990335824948158,0.996508523113791,"12","sexM","authors_clusters",1
0.00233809277574418,13.6696488131267,6.2003177175528e-05,0.993793311957893,0.996508523113791,"28","sexM","authors_clusters",1
0.000855145013306443,14.5135323122008,1.96186441162743e-05,0.996508523113791,0.996508523113791,"18","sexM","authors_clusters",1
