cluster,E-1,E-10,E-11,E-12,E-13,E-14,E-15,E-16,E-17,E-18,E-19,E-2,E-20,E-21,E-22,E-23,E-24,E-25,E-26,E-27,E-28,E-29,E-3,E-30,E-4,E-5,E-6,E-7,E-8,E-9,H-1,I-1,I-10,I-11,I-12,I-13,I-14,I-15,I-16,I-17,I-18,I-19,I-2,I-20,I-21,I-22,I-23,I-24,I-25,I-26,I-27,I-29,I-3,I-30,I-31,I-32,I-33,I-34,I-35,I-36,I-37,I-4,I-5,I-6,I-7,I-8,I-9
0,0.0,0.0,0.0,0.0,0.0,0.0,0.0,0.0,0.0,0.0,0.0,0.0,0.0,0.0,0.0,0.0,0.0,0.0,0.0,0.0,0.0,0.0,0.0,0.0,0.0,0.0,0.0,0.0,0.0,0.0,0.0,0.06125356125356125,0.045584045584045586,0.06125356125356125,0.024216524216524215,0.012108262108262107,0.14387464387464388,0.08333333333333333,0.2264957264957265,0.0,0.014245014245014245,0.027065527065527065,0.012108262108262107,0.002849002849002849,0.0035612535612535613,0.0292022792022792,0.014957264957264958,0.004273504273504274,0.002136752136752137,0.0035612535612535613,0.014245014245014245,0.0,0.0633903133903134,0.0014245014245014246,0.0007122507122507123,0.0007122507122507123,0.009259259259259259,0.00641025641025641,0.0,0.0007122507122507123,0.0,0.014957264957264958,0.0014245014245014246,0.007122507122507123,0.10042735042735043,0.002849002849002849,0.004273504273504274
1,0.0,0.0,0.0,0.0,0.0,0.0,0.0,0.0,0.0,0.0,0.0,0.0,0.0,0.0,0.0,0.0,0.0,0.0,0.0,0.0,0.0,0.0,0.0,0.0,0.0,0.0,0.0,0.0,0.0,0.0,0.0,0.2136986301369863,0.052054794520547946,0.015068493150684932,0.03767123287671233,0.017123287671232876,0.03424657534246575,0.011643835616438357,0.025342465753424658,0.0,0.03493150684931507,0.026027397260273973,0.019178082191780823,0.002054794520547945,0.015068493150684932,0.07465753424657534,0.005479452054794521,0.002054794520547945,0.003424657534246575,0.003424657534246575,0.008904109589041096,0.0027397260273972603,0.13424657534246576,0.05958904109589041,0.0,0.0,0.002054794520547945,0.0027397260273972603,0.0,0.002054794520547945,0.0006849315068493151,0.05136986301369863,0.0013698630136986301,0.038356164383561646,0.07054794520547945,0.02671232876712329,0.005479452054794521
10,0.0,0.0,0.0,0.0,0.0,0.0,0.0,0.0,0.0,0.0,0.0,0.0,0.0,0.0,0.0,0.0,0.0,0.0,0.0,0.0,0.0,0.0,0.0,0.0,0.0,0.0,0.0,0.0,0.0,0.0,0.0,0.1362763915547025,0.046065259117082535,0.02015355086372361,0.028790786948176585,0.026871401151631478,0.03550863723608445,0.003838771593090211,0.028790786948176585,0.0,0.04030710172744722,0.02399232245681382,0.03550863723608445,0.0019193857965451055,0.0028790786948176585,0.01055662188099808,0.2581573896353167,0.0,0.0067178502879078695,0.01055662188099808,0.005758157389635317,0.0009596928982725527,0.06429942418426103,0.0,0.0,0.0,0.0,0.0019193857965451055,0.0,0.0009596928982725527,0.0009596928982725527,0.0710172744721689,0.014395393474088292,0.030710172744721688,0.02015355086372361,0.014395393474088292,0.05758157389635317
11,0.0,0.0,0.0,0.0,0.0,0.0,0.0,0.0,0.0,0.0,0.0,0.0,0.0,0.0,0.0,0.0,0.0,0.0,0.0,0.0,0.0,0.0,0.0,0.0,0.0,0.0,0.0,0.0,0.0,0.0,0.0,0.09444444444444444,0.05493827160493827,0.008641975308641974,0.011728395061728396,0.0030864197530864196,0.0006172839506172839,0.0012345679012345679,0.016049382716049384,0.0006172839506172839,0.04567901234567901,0.013580246913580247,0.008024691358024692,0.09938271604938272,0.0030864197530864196,0.011111111111111112,0.003703703703703704,0.003703703703703704,0.015432098765432098,0.07901234567901234,0.0030864197530864196,0.022839506172839506,0.020987654320987655,0.0049382716049382715,0.0,0.0,0.0,0.001851851851851852,0.006172839506172839,0.0,0.001851851851851852,0.04506172839506173,0.12098765432098765,0.1419753086419753,0.006790123456790123,0.12469135802469136,0.024691358024691357
12,0.0,0.0,0.0,0.0,0.0,0.0,0.0,0.0,0.0,0.0,0.0,0.0,0.0,0.0,0.0,0.0,0.0,0.0,0.0,0.0,0.0,0.0,0.0,0.0,0.0,0.0,0.0,0.0,0.0,0.0,0.0,0.17039106145251395,0.036312849162011177,0.0223463687150838,0.03212290502793296,0.01675977653631285,0.018156424581005588,0.019553072625698324,0.03212290502793296,0.002793296089385475,0.0782122905027933,0.036312849162011177,0.004189944134078212,0.0013966480446927375,0.06284916201117319,0.027932960893854747,0.012569832402234637,0.002793296089385475,0.006983240223463687,0.008379888268156424,0.06284916201117319,0.004189944134078212,0.08100558659217877,0.006983240223463687,0.0013966480446927375,0.0,0.0013966480446927375,0.0013966480446927375,0.0,0.0013966480446927375,0.0,0.05307262569832402,0.01675977653631285,0.07681564245810056,0.03770949720670391,0.03770949720670391,0.025139664804469275
13,0.0,0.0,0.0,0.0,0.0,0.0,0.0,0.0,0.0,0.0,0.0,0.0,0.0,0.0,0.0,0.0,0.0,0.0,0.0,0.0,0.0,0.0,0.0,0.0,0.0,0.0,0.0,0.0,0.0,0.0,0.0,0.09540636042402827,0.09717314487632508,0.21908127208480566,0.044169611307420496,0.012367491166077738,0.01060070671378092,0.00530035335689046,0.019434628975265017,0.0,0.0353356890459364,0.024734982332155476,0.0035335689045936395,0.0,0.0035335689045936395,0.0035335689045936395,0.014134275618374558,0.1696113074204947,0.0,0.00530035335689046,0.0035335689045936395,0.00530035335689046,0.019434628975265017,0.0017667844522968198,0.00530035335689046,0.0,0.007067137809187279,0.0035335689045936395,0.0,0.0035335689045936395,0.0,0.04063604240282685,0.012367491166077738,0.045936395759717315,0.04240282685512368,0.024734982332155476,0.02120141342756184
14,0.0,0.0,0.0,0.0,0.0,0.0,0.0,0.0,0.0,0.0,0.0,0.0,0.0,0.0,0.0,0.0,0.0,0.0,0.0,0.0,0.0,0.0,0.0,0.0,0.0,0.0,0.0,0.0,0.0,0.0,0.0,0.289760348583878,0.03340595497458242,0.01815541031227306,0.007988380537400145,0.007988380537400145,0.05374001452432825,0.014524328249818447,0.011619462599854757,0.0,0.008714596949891068,0.008714596949891068,0.013798111837327523,0.0014524328249818446,0.008714596949891068,0.11183732752360204,0.002178649237472767,0.0,0.0036310820624546117,0.004357298474945534,0.04429920116194626,0.0014524328249818446,0.14960058097313,0.006535947712418301,0.0,0.0007262164124909223,0.0007262164124909223,0.0036310820624546117,0.0,0.0007262164124909223,0.0,0.04212055192447349,0.0014524328249818446,0.06681190994916485,0.06899055918663761,0.008714596949891068,0.0036310820624546117
15,0.0,0.0,0.0,0.0,0.0,0.0,0.0,0.0,0.0,0.0,0.0,0.0,0.0,0.0,0.0,0.0,0.0,0.0,0.0,0.0,0.0,0.0,0.0,0.0,0.0,0.0,0.0,0.0,0.0,0.0,0.0,0.2611607142857143,0.049107142857142856,0.022321428571428572,0.024553571428571428,0.006696428571428571,0.004464285714285714,0.006696428571428571,0.017857142857142856,0.0,0.046875,0.024553571428571428,0.011160714285714286,0.0,0.011160714285714286,0.033482142857142856,0.015625,0.004464285714285714,0.017857142857142856,0.008928571428571428,0.008928571428571428,0.006696428571428571,0.08258928571428571,0.004464285714285714,0.0,0.0,0.0,0.0,0.0,0.0,0.0,0.16517857142857142,0.013392857142857142,0.06473214285714286,0.033482142857142856,0.03571428571428571,0.017857142857142856
16,0.04089861751152074,0.002304147465437788,0.04838709677419355,0.02476958525345622,0.022465437788018433,0.006336405529953917,0.023617511520737326,0.18317972350230416,0.00576036866359447,0.1912442396313364,0.16705069124423963,0.036290322580645164,0.002880184331797235,0.0017281105990783411,0.002304147465437788,0.000576036866359447,0.010944700460829493,0.001152073732718894,0.001152073732718894,0.01555299539170507,0.04550691244239631,0.000576036866359447,0.058179723502304145,0.0,0.021889400921658985,0.0,0.016705069124423964,0.03513824884792627,0.02304147465437788,0.0,0.010368663594470046,0.0,0.0,0.0,0.0,0.0,0.0,0.0,0.0,0.0,0.0,0.0,0.0,0.0,0.0,0.0,0.0,0.0,0.0,0.0,0.0,0.0,0.0,0.0,0.0,0.0,0.0,0.0,0.0,0.0,0.0,0.0,0.0,0.0,0.0,0.0,0.0
17,0.12661498708010335,0.007751937984496124,0.05426356589147287,0.05167958656330749,0.041343669250646,0.041343669250646,0.03359173126614987,0.025839793281653745,0.015503875968992248,0.046511627906976744,0.007751937984496124,0.06718346253229975,0.002583979328165375,0.00516795865633075,0.002583979328165375,0.0,0.0103359173126615,0.007751937984496124,0.00516795865633075,0.0103359173126615,0.0,0.0,0.028423772609819122,0.0,0.21188630490956073,0.0,0.04909560723514212,0.1111111111111111,0.031007751937984496,0.0,0.00516795865633075,0.0,0.0,0.0,0.0,0.0,0.0,0.0,0.0,0.0,0.0,0.0,0.0,0.0,0.0,0.0,0.0,0.0,0.0,0.0,0.0,0.0,0.0,0.0,0.0,0.0,0.0,0.0,0.0,0.0,0.0,0.0,0.0,0.0,0.0,0.0,0.0
18,0.10322279308734236,0.006071929005137786,0.08594114899579636,0.10976179355441383,0.09154600653900047,0.02008407286314806,0.07239607659971976,0.02382064455861747,0.019617001401214387,0.03829985987856142,0.004670714619336758,0.03596450256889304,0.005604857543204111,0.016347501167678656,0.004670714619336758,0.0,0.04203643157403083,0.005137786081270434,0.0,0.01681457262961233,0.00046707146193367583,0.0,0.04717421765530126,0.0,0.11443250817375059,0.0,0.08780943484353106,0.03923400280242877,0.007473143390938813,0.00046707146193367583,0.0009341429238673517,0.0,0.0,0.0,0.0,0.0,0.0,0.0,0.0,0.0,0.0,0.0,0.0,0.0,0.0,0.0,0.0,0.0,0.0,0.0,0.0,0.0,0.0,0.0,0.0,0.0,0.0,0.0,0.0,0.0,0.0,0.0,0.0,0.0,0.0,0.0,0.0
19,0.06786542923433875,0.004640371229698376,0.060904872389791184,0.19779582366589327,0.03306264501160093,0.012761020881670533,0.11078886310904873,0.0568445475638051,0.040023201856148494,0.037122969837587005,0.001160092807424594,0.03538283062645012,0.0069605568445475635,0.0,0.000580046403712297,0.0,0.04060324825986079,0.000580046403712297,0.0,0.012180974477958236,0.0,0.0,0.025522041763341066,0.000580046403712297,0.04118329466357309,0.0,0.027262180974477957,0.13805104408352667,0.04408352668213457,0.000580046403712297,0.0034802784222737818,0.0,0.0,0.0,0.0,0.0,0.0,0.0,0.0,0.0,0.0,0.0,0.0,0.0,0.0,0.0,0.0,0.0,0.0,0.0,0.0,0.0,0.0,0.0,0.0,0.0,0.0,0.0,0.0,0.0,0.0,0.0,0.0,0.0,0.0,0.0,0.0
2,0.0,0.0,0.0,0.0,0.0,0.0,0.0,0.0,0.0,0.0,0.0,0.0,0.0,0.0,0.0,0.0,0.0,0.0,0.0,0.0,0.0,0.0,0.0,0.0,0.0,0.0,0.0,0.0,0.0,0.0,0.0,0.03787878787878788,0.06313131313131314,0.31376262626262624,0.21275252525252525,0.019570707070707072,0.03409090909090909,0.08080808080808081,0.013257575757575758,0.0,0.010101010101010102,0.007575757575757576,0.011994949494949494,0.0,0.004419191919191919,0.005050505050505051,0.011363636363636364,0.015782828282828284,0.0012626262626262627,0.0025252525252525255,0.003787878787878788,0.0006313131313131314,0.034722222222222224,0.0006313131313131314,0.004419191919191919,0.0006313131313131314,0.019570707070707072,0.0012626262626262627,0.0,0.0031565656565656565,0.0,0.023989898989898988,0.0012626262626262627,0.015151515151515152,0.032196969696969696,0.006313131313131313,0.006944444444444444
20,0.021551724137931036,0.034482758620689655,0.14224137931034483,0.08189655172413793,0.05603448275862069,0.09051724137931035,0.0603448275862069,0.004310344827586207,0.021551724137931036,0.03879310344827586,0.0,0.017241379310344827,0.0,0.1336206896551724,0.01293103448275862,0.0,0.02586206896551724,0.01293103448275862,0.004310344827586207,0.008620689655172414,0.0,0.0,0.02586206896551724,0.0,0.034482758620689655,0.0,0.15086206896551724,0.008620689655172414,0.008620689655172414,0.004310344827586207,0.0,0.0,0.0,0.0,0.0,0.0,0.0,0.0,0.0,0.0,0.0,0.0,0.0,0.0,0.0,0.0,0.0,0.0,0.0,0.0,0.0,0.0,0.0,0.0,0.0,0.0,0.0,0.0,0.0,0.0,0.0,0.0,0.0,0.0,0.0,0.0,0.0
21,0.0,0.0,0.0,0.0,0.0,0.0,0.0,0.0,0.0,0.0,0.0,0.0,0.0,0.0,0.0,0.0,0.0,0.0,0.0,0.0,0.0,0.0,0.0,0.0,0.0,0.0,0.0,0.0,0.0,0.0,0.0,0.17230576441102757,0.06140350877192982,0.04824561403508772,0.040726817042606514,0.06641604010025062,0.013157894736842105,0.012531328320802004,0.021929824561403508,0.0,0.04824561403508772,0.044486215538847115,0.013784461152882205,0.0018796992481203006,0.003132832080200501,0.019423558897243107,0.014411027568922305,0.010025062656641603,0.0043859649122807015,0.005639097744360902,0.0037593984962406013,0.0006265664160401002,0.15350877192982457,0.005012531328320802,0.0012531328320802004,0.0018796992481203006,0.0012531328320802004,0.0012531328320802004,0.0012531328320802004,0.0018796992481203006,0.0,0.05764411027568922,0.005012531328320802,0.041353383458646614,0.06328320802005012,0.023182957393483708,0.03571428571428571
22,0.0,0.0,0.0,0.0,0.0,0.0,0.0,0.0,0.0,0.0,0.0,0.0,0.0,0.0,0.0,0.0,0.0,0.0,0.0,0.0,0.0,0.0,0.0,0.0,0.0,0.0,0.0,0.0,0.0,0.0,0.0,0.15513626834381553,0.12106918238993711,0.05450733752620545,0.01939203354297694,0.023060796645702306,0.020964360587002098,0.005765199161425576,0.025157232704402517,0.005765199161425576,0.08857442348008386,0.018867924528301886,0.010482180293501049,0.0047169811320754715,0.0041928721174004195,0.013626834381551363,0.034067085953878404,0.02410901467505241,0.009958071278825996,0.020440251572327043,0.005765199161425576,0.0020964360587002098,0.046645702306079666,0.0005241090146750524,0.0,0.0,0.0005241090146750524,0.0015723270440251573,0.0,0.0010482180293501049,0.0,0.0749475890985325,0.006289308176100629,0.05345911949685535,0.009433962264150943,0.014675052410901468,0.12316561844863731
23,0.0,0.0,0.0,0.0,0.0,0.0,0.0,0.0,0.0,0.0,0.0,0.0,0.0,0.0,0.0,0.0,0.0,0.0,0.0,0.0,0.0,0.0,0.0,0.0,0.0,0.0,0.0,0.0,0.0,0.0,0.0,0.3884057971014493,0.014492753623188406,0.017391304347826087,0.017391304347826087,0.011594202898550725,0.017391304347826087,0.002898550724637681,0.028985507246376812,0.0,0.06956521739130435,0.008695652173913044,0.011594202898550725,0.008695652173913044,0.03188405797101449,0.02318840579710145,0.014492753623188406,0.008695652173913044,0.008695652173913044,0.005797101449275362,0.011594202898550725,0.0,0.04057971014492753,0.002898550724637681,0.0,0.0,0.002898550724637681,0.008695652173913044,0.0,0.0,0.002898550724637681,0.06086956521739131,0.02318840579710145,0.0927536231884058,0.02608695652173913,0.014492753623188406,0.02318840579710145
24,0.05680041688379364,0.0036477331943720686,0.05002605523710266,0.07087024491922876,0.13809275664408546,0.011464304325169358,0.06305367378843148,0.0672225117248567,0.020844189682126108,0.09640437727983325,0.026576341844710787,0.031266284523189164,0.001563314226159458,0.004689942678478374,0.004689942678478374,0.0,0.02344971339239187,0.001563314226159458,0.0,0.030224075039082855,0.0026055237102657635,0.0,0.0573215216258468,0.0,0.0891089108910891,0.0,0.045336112558624284,0.0781657113079729,0.019801980198019802,0.0005211047420531526,0.004689942678478374,0.0,0.0,0.0,0.0,0.0,0.0,0.0,0.0,0.0,0.0,0.0,0.0,0.0,0.0,0.0,0.0,0.0,0.0,0.0,0.0,0.0,0.0,0.0,0.0,0.0,0.0,0.0,0.0,0.0,0.0,0.0,0.0,0.0,0.0,0.0,0.0
25,0.0,0.0,0.0,0.0,0.0,0.0,0.0,0.0,0.0,0.0,0.0,0.0,0.0,0.0,0.0,0.0,0.0,0.0,0.0,0.0,0.0,0.0,0.0,0.0,0.0,0.0,0.0,0.0,0.0,0.0,0.0,0.2374821173104435,0.04721030042918455,0.015259895088221268,0.013829279923700524,0.02241297091082499,0.008106819265617548,0.004291845493562232,0.021936099189318072,0.0,0.07534573199809251,0.04911778731521221,0.004768717215069146,0.002384358607534573,0.00619933237958989,0.03481163567000477,0.011921793037672867,0.005722460658082976,0.012875536480686695,0.010491177873152123,0.009537434430138292,0.005245588936576061,0.09632808774439676,0.00619933237958989,0.001430615164520744,0.0,0.002384358607534573,0.002861230329041488,0.0009537434430138292,0.0019074868860276585,0.002384358607534573,0.06437768240343347,0.010491177873152123,0.10252742012398665,0.03338102050548403,0.04673342870767763,0.029089175011921792
26,0.05201560468140442,0.0039011703511053317,0.04291287386215865,0.18725617685305593,0.054616384915474644,0.010403120936280884,0.09102730819245773,0.02860858257477243,0.07152145643693109,0.10143042912873862,0.007802340702210663,0.0377113133940182,0.007802340702210663,0.002600780234070221,0.016905071521456438,0.0039011703511053317,0.01950585175552666,0.0013003901170351106,0.0,0.006501950585175552,0.006501950585175552,0.0,0.016905071521456438,0.002600780234070221,0.04031209362808843,0.0,0.0494148244473342,0.08712613784135241,0.0494148244473342,0.0,0.0,0.0,0.0,0.0,0.0,0.0,0.0,0.0,0.0,0.0,0.0,0.0,0.0,0.0,0.0,0.0,0.0,0.0,0.0,0.0,0.0,0.0,0.0,0.0,0.0,0.0,0.0,0.0,0.0,0.0,0.0,0.0,0.0,0.0,0.0,0.0,0.0
27,0.0,0.0,0.0,0.0,0.0,0.0,0.0,0.0,0.0,0.0,0.0,0.0,0.0,0.0,0.0,0.0,0.0,0.0,0.0,0.0,0.0,0.0,0.0,0.0,0.0,0.0,0.0,0.0,0.0,0.0,0.0,0.18361344537815127,0.031092436974789917,0.012605042016806723,0.018067226890756304,0.04579831932773109,0.009243697478991597,0.004201680672268907,0.013865546218487394,0.0008403361344537816,0.126890756302521,0.061764705882352944,0.02815126050420168,0.0004201680672268908,0.007563025210084034,0.037815126050420166,0.015126050420168067,0.0016806722689075631,0.007563025210084034,0.0063025210084033615,0.005042016806722689,0.004201680672268907,0.07226890756302522,0.012605042016806723,0.0021008403361344537,0.0,0.0004201680672268908,0.0008403361344537816,0.0,0.0008403361344537816,0.0004201680672268908,0.034873949579831934,0.008403361344537815,0.0861344537815126,0.04789915966386555,0.0634453781512605,0.04789915966386555
28,0.05778894472361809,0.00628140703517588,0.23869346733668342,0.04396984924623116,0.008793969849246231,0.01256281407035176,0.048994974874371856,0.01507537688442211,0.038944723618090454,0.026381909547738693,0.002512562814070352,0.16080402010050251,0.01256281407035176,0.001256281407035176,0.005025125628140704,0.0,0.020100502512562814,0.0,0.02135678391959799,0.010050251256281407,0.0,0.0,0.13316582914572864,0.001256281407035176,0.04020100502512563,0.0,0.02386934673366834,0.04271356783919598,0.026381909547738693,0.0,0.001256281407035176,0.0,0.0,0.0,0.0,0.0,0.0,0.0,0.0,0.0,0.0,0.0,0.0,0.0,0.0,0.0,0.0,0.0,0.0,0.0,0.0,0.0,0.0,0.0,0.0,0.0,0.0,0.0,0.0,0.0,0.0,0.0,0.0,0.0,0.0,0.0,0.0
29,0.028044280442804426,0.013284132841328414,0.15571955719557196,0.045756457564575644,0.06273062730627306,0.02730627306273063,0.05608856088560885,0.0,0.05239852398523985,0.026568265682656828,0.0,0.07749077490774908,0.05166051660516605,0.004428044280442804,0.016236162361623615,0.0007380073800738007,0.03025830258302583,0.002952029520295203,0.002952029520295203,0.016974169741697416,0.0007380073800738007,0.0,0.010332103321033211,0.0,0.1904059040590406,0.0,0.04059040590405904,0.07601476014760147,0.006642066420664207,0.0007380073800738007,0.002952029520295203,0.0,0.0,0.0,0.0,0.0,0.0,0.0,0.0,0.0,0.0,0.0,0.0,0.0,0.0,0.0,0.0,0.0,0.0,0.0,0.0,0.0,0.0,0.0,0.0,0.0,0.0,0.0,0.0,0.0,0.0,0.0,0.0,0.0,0.0,0.0,0.0
3,0.12759170653907495,0.001594896331738437,0.03827751196172249,0.05582137161084529,0.10047846889952153,0.011164274322169059,0.03987240829346093,0.03827751196172249,0.025518341307814992,0.049441786283891544,0.001594896331738437,0.06379585326953748,0.006379585326953748,0.001594896331738437,0.001594896331738437,0.0,0.001594896331738437,0.004784688995215311,0.0,0.02073365231259968,0.003189792663476874,0.0,0.03827751196172249,0.0,0.20095693779904306,0.0,0.03349282296650718,0.11642743221690591,0.01594896331738437,0.001594896331738437,0.0,0.0,0.0,0.0,0.0,0.0,0.0,0.0,0.0,0.0,0.0,0.0,0.0,0.0,0.0,0.0,0.0,0.0,0.0,0.0,0.0,0.0,0.0,0.0,0.0,0.0,0.0,0.0,0.0,0.0,0.0,0.0,0.0,0.0,0.0,0.0,0.0
30,0.0,0.0,0.0,0.0,0.0,0.0,0.0,0.0,0.0,0.0,0.0,0.0,0.0,0.0,0.0,0.0,0.0,0.0,0.0,0.0,0.0,0.0,0.0,0.0,0.0,0.0,0.0,0.0,0.0,0.0,0.0,0.16936170212765958,0.0374468085106383,0.01957446808510638,0.01446808510638298,0.02127659574468085,0.00425531914893617,0.00425531914893617,0.0451063829787234,0.0,0.10127659574468086,0.0451063829787234,0.00425531914893617,0.002553191489361702,0.01702127659574468,0.02297872340425532,0.011914893617021277,0.00425531914893617,0.01276595744680851,0.01446808510638298,0.005957446808510639,0.002553191489361702,0.1302127659574468,0.010212765957446808,0.0,0.0,0.001702127659574468,0.000851063829787234,0.0,0.002553191489361702,0.001702127659574468,0.06893617021276596,0.015319148936170212,0.08936170212765958,0.03574468085106383,0.030638297872340424,0.05191489361702128
31,0.0,0.0,0.0,0.0,0.0,0.0,0.0,0.0,0.0,0.0,0.0,0.0,0.0,0.0,0.0,0.0,0.0,0.0,0.0,0.0,0.0,0.0,0.0,0.0,0.0,0.0,0.0,0.0,0.0,0.0,0.0,0.2956265769554247,0.01471825063078217,0.011354079058031959,0.01345668629100084,0.005887300252312868,0.007569386038687973,0.0021026072329688814,0.01682085786375105,0.0,0.1433978132884777,0.017241379310344827,0.004625735912531539,0.001261564339781329,0.005887300252312868,0.028174936921783012,0.0008410428931875525,0.001682085786375105,0.02943650126156434,0.03952901597981497,0.008830950378469302,0.001261564339781329,0.08620689655172414,0.00042052144659377626,0.0,0.0,0.0,0.00042052144659377626,0.001261564339781329,0.00042052144659377626,0.004205214465937763,0.01682085786375105,0.026492851135407905,0.09714045416316232,0.029857022708158116,0.0782169890664424,0.008830950378469302
32,0.036637931034482756,0.27155172413793105,0.04310344827586207,0.02478448275862069,0.03879310344827586,0.06465517241379311,0.036637931034482756,0.004310344827586207,0.09482758620689655,0.010775862068965518,0.0010775862068965517,0.052801724137931036,0.010775862068965518,0.008620689655172414,0.009698275862068966,0.0,0.021551724137931036,0.06357758620689655,0.0,0.007543103448275862,0.0,0.0,0.011853448275862068,0.0,0.032327586206896554,0.10775862068965517,0.01939655172413793,0.009698275862068966,0.009698275862068966,0.004310344827586207,0.003232758620689655,0.0,0.0,0.0,0.0,0.0,0.0,0.0,0.0,0.0,0.0,0.0,0.0,0.0,0.0,0.0,0.0,0.0,0.0,0.0,0.0,0.0,0.0,0.0,0.0,0.0,0.0,0.0,0.0,0.0,0.0,0.0,0.0,0.0,0.0,0.0,0.0
33,0.0,0.0,0.0,0.0,0.0,0.0,0.0,0.0,0.0,0.0,0.0,0.0,0.0,0.0,0.0,0.0,0.0,0.0,0.0,0.0,0.0,0.0,0.0,0.0,0.0,0.0,0.0,0.0,0.0,0.0,0.0,0.16118143459915613,0.3105485232067511,0.0379746835443038,0.0810126582278481,0.004219409282700422,0.0033755274261603376,0.012658227848101266,0.012658227848101266,0.0,0.021940928270042195,0.01181434599156118,0.007594936708860759,0.0033755274261603376,0.009282700421940928,0.010126582278481013,0.010970464135021098,0.0016877637130801688,0.002531645569620253,0.01350210970464135,0.00590717299578059,0.0033755274261603376,0.03375527426160337,0.0,0.0,0.0,0.0,0.0008438818565400844,0.0,0.0,0.0,0.11392405063291139,0.00590717299578059,0.056540084388185655,0.020253164556962026,0.0270042194092827,0.016033755274261603
34,0.0,0.0,0.0,0.0,0.0,0.0,0.0,0.0,0.0,0.0,0.0,0.0,0.0,0.0,0.0,0.0,0.0,0.0,0.0,0.0,0.0,0.0,0.0,0.0,0.0,0.0,0.0,0.0,0.0,0.0,0.0,0.1651676206050695,0.044153720359771054,0.032706459525756335,0.032706459525756335,0.01553556827473426,0.02616516762060507,0.005723630417007359,0.027800490596892886,0.0,0.027800490596892886,0.02616516762060507,0.008176614881439084,0.0,0.006541291905151268,0.02616516762060507,0.013082583810302535,0.004088307440719542,0.008994276369582993,0.0,0.009811937857726901,0.0,0.19869174161896974,0.0008176614881439084,0.0,0.0,0.0008176614881439084,0.0,0.0,0.001635322976287817,0.0,0.13327882256745707,0.003270645952575634,0.05396565821749796,0.09157808667211774,0.017988552739165987,0.017170891251022075
35,0.0,0.0,0.0,0.0,0.0,0.0,0.0,0.0,0.0,0.0,0.0,0.0,0.0,0.0,0.0,0.0,0.0,0.0,0.0,0.0,0.0,0.0,0.0,0.0,0.0,0.0,0.0,0.0,0.0,0.0,0.0,0.06371681415929203,0.012389380530973451,0.049557522123893805,0.04601769911504425,0.007079646017699115,0.06017699115044248,0.010619469026548672,0.0584070796460177,0.0,0.010619469026548672,0.06017699115044248,0.005309734513274336,0.0,0.0,0.019469026548672566,0.0017699115044247787,0.012389380530973451,0.0017699115044247787,0.005309734513274336,0.010619469026548672,0.0,0.10619469026548672,0.0,0.06902654867256637,0.0,0.007079646017699115,0.0017699115044247787,0.0,0.0,0.0,0.005309734513274336,0.0,0.01415929203539823,0.3504424778761062,0.007079646017699115,0.0035398230088495575
36,0.0,0.0,0.0,0.0,0.0,0.0,0.0,0.0,0.0,0.0,0.0,0.0,0.0,0.0,0.0,0.0,0.0,0.0,0.0,0.0,0.0,0.0,0.0,0.0,0.0,0.0,0.0,0.0,0.0,0.0,0.0,0.14285714285714285,0.05555555555555555,0.007936507936507936,0.03968253968253968,0.0,0.0,0.007936507936507936,0.023809523809523808,0.0,0.05555555555555555,0.03968253968253968,0.0,0.015873015873015872,0.015873015873015872,0.0,0.007936507936507936,0.0,0.007936507936507936,0.07936507936507936,0.0,0.007936507936507936,0.023809523809523808,0.0,0.0,0.0,0.0,0.007936507936507936,0.0,0.0,0.0,0.15873015873015872,0.015873015873015872,0.1349206349206349,0.007936507936507936,0.0873015873015873,0.05555555555555555
37,0.0,0.0,0.0,0.0,0.0,0.0,0.0,0.0,0.0,0.0,0.0,0.0,0.0,0.0,0.0,0.0,0.0,0.0,0.0,0.0,0.0,0.0,0.0,0.0,0.0,0.0,0.0,0.0,0.0,0.0,0.0,0.10462776659959759,0.03822937625754527,0.02414486921529175,0.006036217303822937,0.008048289738430584,0.002012072434607646,0.002012072434607646,0.008048289738430584,0.012072434607645875,0.08450704225352113,0.08048289738430583,0.006036217303822937,0.0,0.008048289738430584,0.008048289738430584,0.022132796780684104,0.002012072434607646,0.004024144869215292,0.01006036217303823,0.004024144869215292,0.002012072434607646,0.014084507042253521,0.0,0.0,0.0,0.002012072434607646,0.002012072434607646,0.002012072434607646,0.0,0.0,0.09054325955734406,0.01006036217303823,0.04627766599597585,0.008048289738430584,0.0,0.38832997987927564
38,0.008216926869350863,0.007395234182415777,0.05587510271158587,0.02875924404272802,0.030402629416598194,0.45439605587510273,0.023007395234182416,0.005751848808545604,0.036154478225143796,0.05258833196384552,0.0,0.021364009860312245,0.0049301561216105174,0.0008216926869350862,0.008216926869350863,0.0,0.062448644207066556,0.0008216926869350862,0.0008216926869350862,0.02218570254724733,0.0,0.0,0.0049301561216105174,0.0,0.06080525883319639,0.0016433853738701725,0.01972062448644207,0.07230895645028759,0.0024650780608052587,0.01314708299096138,0.0008216926869350862,0.0,0.0,0.0,0.0,0.0,0.0,0.0,0.0,0.0,0.0,0.0,0.0,0.0,0.0,0.0,0.0,0.0,0.0,0.0,0.0,0.0,0.0,0.0,0.0,0.0,0.0,0.0,0.0,0.0,0.0,0.0,0.0,0.0,0.0,0.0,0.0
39,0.008873720136518772,0.0061433447098976105,0.05597269624573379,0.030034129692832763,0.04368600682593857,0.4689419795221843,0.025938566552901023,0.007508532423208191,0.018430034129692834,0.031399317406143344,0.0006825938566552901,0.008191126279863481,0.005460750853242321,0.0013651877133105802,0.0061433447098976105,0.0,0.07440273037542662,0.004095563139931741,0.0006825938566552901,0.029351535836177476,0.0006825938566552901,0.0,0.006825938566552901,0.0,0.05392491467576792,0.0006825938566552901,0.049829351535836175,0.040273037542662114,0.004095563139931741,0.014334470989761093,0.0020477815699658703,0.0,0.0,0.0,0.0,0.0,0.0,0.0,0.0,0.0,0.0,0.0,0.0,0.0,0.0,0.0,0.0,0.0,0.0,0.0,0.0,0.0,0.0,0.0,0.0,0.0,0.0,0.0,0.0,0.0,0.0,0.0,0.0,0.0,0.0,0.0,0.0
4,0.0,0.0,0.0,0.0,0.0,0.0,0.0,0.0,0.0,0.0,0.0,0.0,0.0,0.0,0.0,0.0,0.0,0.0,0.0,0.0,0.0,0.0,0.0,0.0,0.0,0.0,0.0,0.0,0.0,0.0,0.0,0.09471094710947109,0.00984009840098401,0.015990159901599015,0.05781057810578106,0.015990159901599015,0.004920049200492005,0.0024600246002460025,0.02952029520295203,0.0,0.1070110701107011,0.04428044280442804,0.014760147601476014,0.01107011070110701,0.01107011070110701,0.03936039360393604,0.01968019680196802,0.0024600246002460025,0.00984009840098401,0.00984009840098401,0.007380073800738007,0.013530135301353014,0.15375153751537515,0.02952029520295203,0.0024600246002460025,0.0,0.0,0.0,0.0,0.0036900369003690036,0.0012300123001230013,0.017220172201722016,0.0036900369003690036,0.08856088560885608,0.03567035670356704,0.12792127921279212,0.014760147601476014
40,0.0,0.0,0.0,0.0,0.0,0.0,0.0,0.0,0.0,0.0,0.0,0.0,0.0,0.0,0.0,0.0,0.0,0.0,0.0,0.0,0.0,0.0,0.0,0.0,0.0,0.0,0.0,0.0,0.0,0.0,0.0,0.1437125748502994,0.2694610778443114,0.005988023952095809,0.005988023952095809,0.023952095808383235,0.0,0.0,0.017964071856287425,0.0,0.059880239520958084,0.011976047904191617,0.0,0.0,0.0,0.0,0.017964071856287425,0.005988023952095809,0.0,0.005988023952095809,0.059880239520958084,0.0,0.059880239520958084,0.0,0.0,0.0,0.0,0.0,0.0,0.0,0.0,0.05389221556886228,0.0,0.11976047904191617,0.005988023952095809,0.005988023952095809,0.12574850299401197
41,0.0,0.0,0.0,0.0,0.0,0.0,0.0,0.0,0.0,0.0,0.0,0.0,0.0,0.0,0.0,0.0,0.0,0.0,0.0,0.0,0.0,0.0,0.0,0.0,0.0,0.0,0.0,0.0,0.0,0.0,0.0,0.12878787878787878,0.03535353535353535,0.0012626262626262627,0.007575757575757576,0.027777777777777776,0.0025252525252525255,0.006313131313131313,0.0025252525252525255,0.14015151515151514,0.19696969696969696,0.010101010101010102,0.003787878787878788,0.0012626262626262627,0.005050505050505051,0.003787878787878788,0.07449494949494949,0.010101010101010102,0.003787878787878788,0.003787878787878788,0.0012626262626262627,0.006313131313131313,0.017676767676767676,0.0,0.0,0.0,0.0012626262626262627,0.0,0.0,0.0,0.0,0.023989898989898988,0.0025252525252525255,0.016414141414141416,0.0,0.025252525252525252,0.2398989898989899
42,0.0,0.0,0.0,0.0,0.0,0.0,0.0,0.0,0.0,0.0,0.0,0.0,0.0,0.0,0.0,0.0,0.0,0.0,0.0,0.0,0.0,0.0,0.0,0.0,0.0,0.0,0.0,0.0,0.0,0.0,0.0,0.05181347150259067,0.025906735751295335,0.0069084628670120895,0.0069084628670120895,0.0051813471502590676,0.008635578583765112,0.0,0.0017271157167530224,0.4283246977547496,0.05181347150259067,0.0069084628670120895,0.0,0.0034542314335060447,0.0034542314335060447,0.0,0.02072538860103627,0.0034542314335060447,0.0017271157167530224,0.0017271157167530224,0.0017271157167530224,0.0,0.0034542314335060447,0.0051813471502590676,0.0,0.0,0.0,0.0,0.0,0.0,0.0,0.05008635578583765,0.0017271157167530224,0.013816925734024179,0.0069084628670120895,0.012089810017271158,0.2763385146804836
43,0.0,0.0,0.0,0.0,0.0,0.0,0.0,0.0,0.0,0.0,0.0,0.0,0.0,0.0,0.0,0.0,0.0,0.0,0.0,0.0,0.0,0.0,0.0,0.0,0.0,0.0,0.0,0.0,0.0,0.0,0.0,0.17180616740088106,0.022026431718061675,0.00881057268722467,0.022026431718061675,0.0,0.06607929515418502,0.013215859030837005,0.00881057268722467,0.0,0.01762114537444934,0.00881057268722467,0.01762114537444934,0.004405286343612335,0.00881057268722467,0.1762114537444934,0.004405286343612335,0.004405286343612335,0.0,0.004405286343612335,0.04405286343612335,0.004405286343612335,0.19383259911894274,0.0,0.0,0.0,0.0,0.0,0.0,0.0,0.0,0.03524229074889868,0.0,0.06167400881057269,0.09691629955947137,0.004405286343612335,0.0
44,0.010997067448680353,0.010263929618768328,0.04252199413489736,0.013929618768328446,0.054252199413489736,0.5887096774193549,0.010997067448680353,0.004398826979472141,0.018328445747800588,0.021994134897360705,0.0021994134897360706,0.005865102639296188,0.006598240469208211,0.0007331378299120235,0.006598240469208211,0.0,0.04472140762463343,0.009530791788856305,0.0,0.047653958944281524,0.0,0.0,0.017595307917888565,0.0,0.02346041055718475,0.0021994134897360706,0.030058651026392963,0.009530791788856305,0.004398826979472141,0.011730205278592375,0.0007331378299120235,0.0,0.0,0.0,0.0,0.0,0.0,0.0,0.0,0.0,0.0,0.0,0.0,0.0,0.0,0.0,0.0,0.0,0.0,0.0,0.0,0.0,0.0,0.0,0.0,0.0,0.0,0.0,0.0,0.0,0.0,0.0,0.0,0.0,0.0,0.0,0.0
45,0.010362694300518135,0.08808290155440414,0.08808290155440414,0.0051813471502590676,0.05181347150259067,0.06735751295336788,0.03626943005181347,0.0051813471502590676,0.046632124352331605,0.031088082901554404,0.0,0.05181347150259067,0.015544041450777202,0.0051813471502590676,0.0051813471502590676,0.0,0.031088082901554404,0.05181347150259067,0.0051813471502590676,0.0,0.0,0.0,0.02072538860103627,0.0,0.24870466321243523,0.015544041450777202,0.046632124352331605,0.06735751295336788,0.0051813471502590676,0.0,0.0,0.0,0.0,0.0,0.0,0.0,0.0,0.0,0.0,0.0,0.0,0.0,0.0,0.0,0.0,0.0,0.0,0.0,0.0,0.0,0.0,0.0,0.0,0.0,0.0,0.0,0.0,0.0,0.0,0.0,0.0,0.0,0.0,0.0,0.0,0.0,0.0
46,0.0,0.0,0.0,0.0,0.0,0.0,0.0,0.0,0.0,0.0,0.0,0.0,0.0,0.0,0.0,0.0,0.0,0.0,0.0,0.0,0.0,0.0,0.0,0.0,0.0,0.0,0.0,0.0,0.0,0.0,0.0,0.15953307392996108,0.011673151750972763,0.0038910505836575876,0.007782101167315175,0.007782101167315175,0.01556420233463035,0.0,0.011673151750972763,0.04669260700389105,0.245136186770428,0.058365758754863814,0.019455252918287938,0.0038910505836575876,0.007782101167315175,0.023346303501945526,0.042801556420233464,0.0038910505836575876,0.0038910505836575876,0.011673151750972763,0.0,0.0038910505836575876,0.054474708171206226,0.0,0.0,0.0,0.0038910505836575876,0.0,0.0,0.0038910505836575876,0.0,0.027237354085603113,0.0038910505836575876,0.05058365758754864,0.01556420233463035,0.05058365758754864,0.10116731517509728
47,0.0,0.0,0.0,0.0,0.0,0.0,0.0,0.0,0.0,0.0,0.0,0.0,0.0,0.0,0.0,0.0,0.0,0.0,0.0,0.0,0.0,0.0,0.0,0.0,0.0,0.0,0.0,0.0,0.0,0.0,0.0,0.15755627009646303,0.02572347266881029,0.00964630225080386,0.006430868167202572,0.05144694533762058,0.00964630225080386,0.01607717041800643,0.05466237942122187,0.0,0.13504823151125403,0.003215434083601286,0.003215434083601286,0.00964630225080386,0.04501607717041801,0.012861736334405145,0.00964630225080386,0.003215434083601286,0.012861736334405145,0.012861736334405145,0.0,0.0,0.11254019292604502,0.0,0.0,0.0,0.0,0.0,0.0,0.0,0.04501607717041801,0.09003215434083602,0.03536977491961415,0.0932475884244373,0.01929260450160772,0.006430868167202572,0.01929260450160772
48,0.0,0.0,0.0,0.0,0.0,0.0,0.0,0.0,0.0,0.0,0.0,0.0,0.0,0.0,0.0,0.0,0.0,0.0,0.0,0.0,0.0,0.0,0.0,0.0,0.0,0.0,0.0,0.0,0.0,0.0,0.0,0.05232558139534884,0.005813953488372093,0.0,0.005813953488372093,0.011627906976744186,0.0,0.0,0.005813953488372093,0.0,0.3372093023255814,0.03488372093023256,0.011627906976744186,0.0,0.05232558139534884,0.011627906976744186,0.040697674418604654,0.0,0.046511627906976744,0.011627906976744186,0.0,0.005813953488372093,0.029069767441860465,0.011627906976744186,0.0,0.0,0.0,0.0,0.005813953488372093,0.005813953488372093,0.0,0.0,0.011627906976744186,0.046511627906976744,0.029069767441860465,0.040697674418604654,0.18604651162790697
49,0.006,0.033,0.066,0.012,0.084,0.426,0.015,0.009,0.031,0.022,0.004,0.007,0.009,0.003,0.014,0.0,0.071,0.028,0.0,0.038,0.0,0.0,0.044,0.0,0.026,0.001,0.031,0.011,0.005,0.004,0.0,0.0,0.0,0.0,0.0,0.0,0.0,0.0,0.0,0.0,0.0,0.0,0.0,0.0,0.0,0.0,0.0,0.0,0.0,0.0,0.0,0.0,0.0,0.0,0.0,0.0,0.0,0.0,0.0,0.0,0.0,0.0,0.0,0.0,0.0,0.0,0.0
5,0.0,0.0,0.0,0.0,0.0,0.0,0.0,0.0,0.0,0.0,0.0,0.0,0.0,0.0,0.0,0.0,0.0,0.0,0.0,0.0,0.0,0.0,0.0,0.0,0.0,0.0,0.0,0.0,0.0,0.0,0.0,0.15688161693936478,0.0712223291626564,0.04427333974975938,0.01828681424446583,0.010587102983638113,0.014436958614051972,0.0009624639076034649,0.0038498556304138597,0.0,0.03849855630413859,0.016361886429258902,0.017324350336862367,0.0019249278152069298,0.004812319538017324,0.026948989412897015,0.0028873917228103944,0.009624639076034648,0.011549566891241578,0.015399422521655439,0.007699711260827719,0.004812319538017324,0.061597690086621755,0.0019249278152069298,0.0,0.0,0.0,0.0038498556304138597,0.0009624639076034649,0.0,0.0019249278152069298,0.08180943214629452,0.015399422521655439,0.2107795957651588,0.021174205967276226,0.11164581328200192,0.010587102983638113
50,0.0,0.0,0.0,0.0,0.0,0.0,0.0,0.0,0.0,0.0,0.0,0.0,0.0,0.0,0.0,0.0,0.0,0.0,0.0,0.0,0.0,0.0,0.0,0.0,0.0,0.0,0.0,0.0,0.0,0.0,0.0,0.27240773286467485,0.012302284710017574,0.0035149384885764497,0.033391915641476276,0.012302284710017574,0.0017574692442882249,0.0,0.01757469244288225,0.015817223198594025,0.2038664323374341,0.012302284710017574,0.007029876977152899,0.015817223198594025,0.028119507908611598,0.014059753954305799,0.043936731107205626,0.0035149384885764497,0.0035149384885764497,0.007029876977152899,0.0035149384885764497,0.008787346221441126,0.008787346221441126,0.007029876977152899,0.0,0.0,0.0,0.0035149384885764497,0.0,0.0,0.0,0.029876977152899824,0.007029876977152899,0.05799648506151142,0.0,0.01757469244288225,0.14762741652021089
51,0.00819672131147541,0.0778688524590164,0.07377049180327869,0.028688524590163935,0.05327868852459016,0.1885245901639344,0.020491803278688523,0.00819672131147541,0.028688524590163935,0.02459016393442623,0.004098360655737705,0.004098360655737705,0.004098360655737705,0.0,0.03278688524590164,0.0,0.020491803278688523,0.28688524590163933,0.0,0.012295081967213115,0.0,0.0,0.00819672131147541,0.0,0.05737704918032787,0.0,0.028688524590163935,0.01639344262295082,0.012295081967213115,0.0,0.0,0.0,0.0,0.0,0.0,0.0,0.0,0.0,0.0,0.0,0.0,0.0,0.0,0.0,0.0,0.0,0.0,0.0,0.0,0.0,0.0,0.0,0.0,0.0,0.0,0.0,0.0,0.0,0.0,0.0,0.0,0.0,0.0,0.0,0.0,0.0,0.0
52,0.0,0.075,0.0,0.075,0.2,0.05,0.0,0.05,0.0,0.0,0.025,0.2,0.0,0.0,0.0,0.0,0.0,0.225,0.0,0.0,0.0,0.0,0.025,0.0,0.075,0.0,0.0,0.0,0.0,0.0,0.0,0.0,0.0,0.0,0.0,0.0,0.0,0.0,0.0,0.0,0.0,0.0,0.0,0.0,0.0,0.0,0.0,0.0,0.0,0.0,0.0,0.0,0.0,0.0,0.0,0.0,0.0,0.0,0.0,0.0,0.0,0.0,0.0,0.0,0.0,0.0,0.0
6,0.0,0.0,0.0,0.0,0.0,0.0,0.0,0.0,0.0,0.0,0.0,0.0,0.0,0.0,0.0,0.0,0.0,0.0,0.0,0.0,0.0,0.0,0.0,0.0,0.0,0.0,0.0,0.0,0.0,0.0,0.0,0.138544474393531,0.042048517520215635,0.029649595687331536,0.019946091644204852,0.0431266846361186,0.025336927223719677,0.013477088948787063,0.013477088948787063,0.001078167115902965,0.07008086253369272,0.031266846361185985,0.18328840970350405,0.003234501347708895,0.009703504043126684,0.012398921832884097,0.05013477088948787,0.0037735849056603774,0.07439353099730459,0.012398921832884097,0.02587601078167116,0.0005390835579514825,0.03827493261455526,0.008086253369272238,0.0,0.0026954177897574125,0.0005390835579514825,0.010242587601078167,0.0,0.0016172506738544475,0.0,0.026415094339622643,0.015633423180592992,0.029649595687331536,0.025336927223719677,0.01078167115902965,0.026954177897574125
7,0.0,0.0,0.0,0.0,0.0,0.0,0.0,0.0,0.0,0.0,0.0,0.0,0.0,0.0,0.0,0.0,0.0,0.0,0.0,0.0,0.0,0.0,0.0,0.0,0.0,0.0,0.0,0.0,0.0,0.0,0.0,0.03333333333333333,0.0033333333333333335,0.0,0.0033333333333333335,0.0033333333333333335,0.0033333333333333335,0.0,0.0033333333333333335,0.0,0.09333333333333334,0.04,0.023333333333333334,0.006666666666666667,0.05,0.016666666666666666,0.0,0.0,0.36,0.02666666666666667,0.006666666666666667,0.06,0.023333333333333334,0.01,0.0,0.0,0.0,0.0033333333333333335,0.0,0.0,0.0033333333333333335,0.02666666666666667,0.11333333333333333,0.05,0.0033333333333333335,0.016666666666666666,0.016666666666666666
8,0.01910828025477707,0.03694267515923567,0.04331210191082802,0.033121019108280254,0.04076433121019108,0.007643312101910828,0.03821656050955414,0.01019108280254777,0.045859872611464965,0.15796178343949044,0.0025477707006369425,0.08789808917197452,0.0025477707006369425,0.0,0.10191082802547771,0.17070063694267515,0.012738853503184714,0.0012738853503184713,0.0,0.0,0.0,0.0,0.011464968152866241,0.0,0.03184713375796178,0.0,0.01019108280254777,0.06751592356687898,0.06369426751592357,0.0012738853503184713,0.0012738853503184713,0.0,0.0,0.0,0.0,0.0,0.0,0.0,0.0,0.0,0.0,0.0,0.0,0.0,0.0,0.0,0.0,0.0,0.0,0.0,0.0,0.0,0.0,0.0,0.0,0.0,0.0,0.0,0.0,0.0,0.0,0.0,0.0,0.0,0.0,0.0,0.0
9,0.0,0.0,0.0,0.0,0.0,0.0,0.0,0.0,0.0,0.0,0.0,0.0,0.0,0.0,0.0,0.0,0.0,0.0,0.0,0.0,0.0,0.0,0.0,0.0,0.0,0.0,0.0,0.0,0.0,0.0,0.0,0.09289099526066351,0.07203791469194312,0.03033175355450237,0.035071090047393366,0.03886255924170616,0.03033175355450237,0.005687203791469194,0.01990521327014218,0.0,0.11184834123222749,0.04928909952606635,0.035071090047393366,0.0009478672985781991,0.0037914691943127963,0.015165876777251185,0.04075829383886256,0.007582938388625593,0.013270142180094787,0.011374407582938388,0.03317535545023697,0.006635071090047393,0.04739336492890995,0.0018957345971563982,0.0,0.0009478672985781991,0.0009478672985781991,0.0,0.0037914691943127963,0.0,0.0,0.04170616113744076,0.0037914691943127963,0.05687203791469194,0.05023696682464455,0.031279620853080566,0.10710900473933649
