cluster,neuron_type,n_nuclei,moffitt_labels,fractions,top_label,top_fraction
0,Inhibitory,1404,I-16,0.23,I-16,0.23
1,Inhibitory,1460,I-1,0.21,I-1,0.21
2,Inhibitory,1584,I-11;I-12,0.31;0.21,I-11,0.31
3,Excitatory,627,E-4,0.20,E-4,0.2
4,Inhibitory,813,I-3,0.15,I-3,0.15
5,Inhibitory,1039,I-6;I-1,0.21;0.16,I-6,0.21
6,Inhibitory,1855,I-2,0.18,I-2,0.18
7,Inhibitory,300,I-25,0.36,I-25,0.36
8,Excitatory,785,E-23;E-18,0.17;0.16,E-23,0.17
9,Inhibitory,1055,,,I-18,0.11
10,Inhibitory,1042,I-23,0.26,I-23,0.26
11,Inhibitory,1620,,,I-6,0.14
12,Inhibitory,716,I-1,0.17,I-1,0.17
13,Inhibitory,566,I-11;I-24,0.22;0.17,I-11,0.22
14,Inhibitory,1377,I-1,0.29,I-1,0.29
15,Inhibitory,448,I-1;I-4,0.26;0.17,I-1,0.26
16,Excitatory,1736,E-18;E-16;E-19,0.19;0.18;0.17,E-18,0.19
17,Excitatory,387,E-4,0.21,E-4,0.21
18,Excitatory,2141,,,E-4,0.11
19,Excitatory,1724,E-12,0.20,E-12,0.2
20,Excitatory,232,E-6,0.15,E-6,0.15
21,Inhibitory,1596,I-1;I-3,0.17;0.15,I-1,0.17
22,Inhibitory,1908,I-1,0.16,I-1,0.16
23,Inhibitory,345,I-1,0.39,I-1,0.39
24,Excitatory,1919,,,E-13,0.14
25,Inhibitory,2097,I-1,0.24,I-1,0.24
26,Excitatory,769,E-12,0.19,E-12,0.19
27,Inhibitory,2380,I-1,0.18,I-1,0.18
28,Excitatory,796,E-11;E-2,0.24;0.16,E-11,0.24
29,Excitatory,1355,E-4;E-11,0.19;0.16,E-4,0.19
30,Inhibitory,1175,I-1,0.17,I-1,0.17
31,Inhibitory,2378,I-1,0.30,I-1,0.3
32,Excitatory,928,E-10,0.27,E-10,0.27
33,Inhibitory,1185,I-10;I-1,0.31;0.16,I-10,0.31
34,Inhibitory,1223,I-3;I-1,0.20;0.17,I-3,0.2
35,Inhibitory,565,I-7,0.35,I-7,0.35
36,Inhibitory,126,I-4,0.16,I-4,0.16
37,Inhibitory,497,I-9,0.39,I-9,0.39
38,Excitatory,1217,E-14,0.45,E-14,0.45
39,Excitatory,1465,E-14,0.47,E-14,0.47
40,Inhibitory,167,I-10,0.27,I-10,0.27
41,Inhibitory,792,I-9;I-18,0.24;0.20,I-9,0.24
42,Inhibitory,579,I-17;I-9,0.43;0.28,I-17,0.43
43,Inhibitory,227,I-3;I-22;I-1,0.19;0.18;0.17,I-3,0.19
44,Excitatory,1364,E-14,0.59,E-14,0.59
45,Excitatory,193,E-4,0.25,E-4,0.25
46,Inhibitory,257,I-18;I-1,0.25;0.16,I-18,0.25
47,Inhibitory,311,I-1,0.16,I-1,0.16
48,Inhibitory,172,I-18;I-9,0.34;0.19,I-18,0.34
49,Excitatory,1000,E-14,0.43,E-14,0.43
50,Inhibitory,569,I-1;I-18,0.27;0.20,I-1,0.27
51,Excitatory,244,E-25;E-14,0.29;0.19,E-25,0.29
52,Excitatory,40,E-25;E-13;E-2,0.23;0.20;0.20,E-25,0.22
