cluster,ex,inh,type
0,0.11924948,1.4213084,Inhibitory
1,0.13009268,1.3660079,Inhibitory
10,0.11634039,1.3071581,Inhibitory
11,0.105871536,1.9354804,Inhibitory
12,0.34420228,1.3710577,Inhibitory
13,0.10565646,1.4736791,Inhibitory
14,0.12780605,1.2589438,Inhibitory
15,0.10700112,1.4011444,Inhibitory
16,0.6861819,0.5013525,Excitatory
17,0.8650913,0.4439576,Excitatory
18,1.0665747,0.4778134,Excitatory
19,0.7425478,0.6741416,Excitatory
2,0.13200502,1.4904702,Inhibitory
20,0.97022927,0.4362864,Excitatory
21,0.14728086,1.3711295,Inhibitory
22,0.11111992,1.3929516,Inhibitory
23,0.20388179,0.9247082,Inhibitory
24,0.97194046,0.4433611,Excitatory
25,0.10472212,1.6688745,Inhibitory
26,0.49807987,0.49610707,Excitatory
27,0.13044274,1.4655583,Inhibitory
28,0.7254618,0.7181886,Excitatory
29,1.0938085,0.47552642,Excitatory
3,0.9341286,0.39933816,Excitatory
30,0.13049261,1.5988444,Inhibitory
31,0.100216396,2.5195274,Inhibitory
32,0.91908187,0.48864543,Excitatory
33,0.10946682,1.3620814,Inhibitory
34,0.11307662,1.4806175,Inhibitory
35,0.11330936,1.5187945,Inhibitory
36,0.08502872,1.8709564,Inhibitory
37,0.145248,1.5483885,Inhibitory
38,1.1855086,0.4445388,Excitatory
39,1.008793,0.41925862,Excitatory
4,0.09261961,1.8698661,Inhibitory
40,0.06252032,1.6752635,Inhibitory
41,0.12919879,1.2059327,Inhibitory
42,0.11700544,1.3521506,Inhibitory
43,0.09359392,1.4554669,Inhibitory
44,1.2810153,0.38959008,Excitatory
45,0.90355885,0.3320389,Excitatory
46,0.19116135,1.7116765,Inhibitory
47,0.11156257,0.8097772,Inhibitory
48,0.1284747,1.6576346,Inhibitory
49,1.3605131,0.40062886,Excitatory
5,0.10474218,1.8147041,Inhibitory
50,0.18557855,0.55858237,Inhibitory
51,1.0842968,0.3598113,Excitatory
52,0.5792578,0.43633246,Excitatory
6,0.11008504,1.6090407,Inhibitory
7,0.11695223,2.0125287,Inhibitory
8,0.5063831,0.44314465,Excitatory
9,0.095292956,1.6109022,Inhibitory
