rep,species,sex,nuclei,median_umis,median_genes,doublets
rep01,P.man,F,2161,2483.0,1625.0,51
rep01,P.man,M,1978,2667.5,1704.5,47
rep01,P.pol,F,2259,2362.0,1552.0,57
rep01,P.pol,M,2493,2603.0,1773.0,78
rep02,P.man,F,3920,2284.0,1587.0,106
rep02,P.man,M,4148,2424.0,1682.0,108
rep02,P.pol,F,3398,2721.5,1800.0,123
rep02,P.pol,M,4068,2169.0,1532.0,167
rep03,P.man,F,4544,3065.0,1957.0,133
rep03,P.man,M,4693,2771.0,1847.0,171
rep03,P.pol,F,4334,3208.0,1998.5,169
rep03,P.pol,M,4330,2959.5,1891.5,143
rep04,P.man,F,5051,3303.0,2068.0,155
rep04,P.man,M,4872,3232.0,2055.0,123
rep04,P.pol,F,4407,3538.0,2144.0,163
rep04,P.pol,M,4722,3543.5,2161.5,171
rep05,P.man,F,4566,2999.0,1904.5,160
rep05,P.man,M,4572,2660.5,1786.0,178
rep05,P.pol,F,4182,2932.0,1857.5,182
rep05,P.pol,M,4318,2509.0,1667.0,132
rep06,P.man,F,4014,3441.0,2126.5,100
rep06,P.man,M,4108,2653.5,1718.0,150
rep06,P.pol,F,3821,2658.0,1697.0,118
rep06,P.pol,M,4098,2582.0,1673.0,211
